igdb_id,name,year,protagonistGender,protagonistType,artStyle,setting
1020,Grand Theft Auto V,2013,Multiple,Human,Realistic,Modern
1942,The Witcher 3: Wild Hunt,2015,Male,Superhuman,Realistic,Fantasy
72,Portal 2,2011,Female,Human,Stylized,Sci-Fi
472,The Elder Scrolls V: Skyrim,2011,Multiple,Custom,Realistic,Fantasy
25076,Red Dead Redemption 2,2018,Male,Human,Realistic,Historical
71,Portal,2007,Female,Human,Stylized,Sci-Fi
19560,God of War (2018),2018,Male,God/Abstract,Realistic,Mythological
732,Grand Theft Auto: San Andreas,2004,Male,Human,Realistic,Modern
233,Half-Life 2,2004,Male,Human,Realistic,Sci-Fi
538,BioShock Infinite,2013,Male,Human,Stylized,Sci-Fi
1009,The Last of Us,2013,Male,Human,Realistic,Post-Apocalyptic
20,BioShock,2007,Male,Human,Stylized,Sci-Fi
1164,Tomb Raider,2013,Female,Human,Realistic,Modern
7331,Uncharted 4: A Thief's End,2016,Male,Human,Realistic,Modern
549,God of War (2005),2005,Male,Superhuman,Realistic,Mythological
11156,Horizon Zero Dawn,2017,Female,Human,Realistic,Post-Apocalyptic
733,Grand Theft Auto: Vice City,2002,Male,Human,Realistic,Historical
127,Assassin's Creed II,2009,Male,Human,Realistic,Historical
7346,The Legend of Zelda: Breath of the Wild,2017,Male,Superhuman,Cel-Shaded/Toon Style,Fantasy
74,Mass Effect 2,2010,Multiple,Custom,Realistic,Sci-Fi
19565,Marvel's Spider-Man,2018,Male,Superhuman,Realistic,Modern
7599,Life is Strange,2015,Female,Human,Stylized,Modern
1029,The Legend of Zelda: Ocarina of Time,1998,Male,Superhuman,Stylized,Fantasy
231,Half-Life,1998,Male,Human,Realistic,Sci-Fi
73,Mass Effect,2007,Multiple,Custom,Realistic,Sci-Fi
1011,Borderlands 2,2012,Multiple,Human,Cel-Shaded/Toon Style,Sci-Fi
529,Far Cry 3,2012,Male,Human,Realistic,Modern
9630,Fallout 4,2015,Multiple,Custom,Realistic,Post-Apocalyptic
6069,The Elder Scrolls V: Skyrim - Dragonborn,2012,Multiple,Custom,Realistic,Fantasy
1331,Limbo,2010,Male,Human,Stylized,Abstract
1372,Counter-Strike: Global Offensive,2012,Male,Human,Realistic,Modern
731,Grand Theft Auto IV,2008,Male,Human,Realistic,Modern
16,Fallout: New Vegas,2010,Multiple,Custom,Realistic,Post-Apocalyptic
500,Batman: Arkham Asylum,2009,Male,Human,Realistic,Modern
1026,The Legend of Zelda: A Link to the Past,1991,Male,Superhuman,Pixel Art,Fantasy
501,Batman: Arkham City,2011,Male,Human,Realistic,Modern
14593,Hollow Knight,2017,Unknown,Creature,Hand-Drawn,Fantasy
11133,Dark Souls III,2016,Multiple,Custom,Realistic,Fantasy
912,Tomb Raider,1996,Female,Human,Stylized,Modern
533,Dishonored,2012,Male,Superhuman,Stylized,Futuristic
124,Left 4 Dead 2,2009,Multiple,Human,Realistic,Post-Apocalyptic
434,Red Dead Redemption,2010,Male,Human,Realistic,Historical
14362,Detroit: Become Human,2018,Multiple,Robot,Realistic,Futuristic
1877,Cyberpunk 2077,2020,Multiple,Custom,Realistic,Futuristic
1970,Assassin's Creed IV Black Flag,2013,Male,Human,Realistic,Historical
3270,Grand Theft Auto: Chinatown Wars,2009,Male,Human,Stylized,Modern
7334,Bloodborne,2015,Multiple,Custom,Realistic,Fantasy
1033,The Legend of Zelda: The Wind Waker,2002,Male,Superhuman,Cel-Shaded/Toon Style,Fantasy
7342,Inside,2016,Male,Human,Stylized,Sci-Fi
5503,Batman: Arkham Knight,2015,Male,Human,Realistic,Modern
17000,Stardew Valley,2016,Multiple,Custom,Pixel Art,Modern
7323,Rise of the Tomb Raider,2015,Female,Human,Realistic,Modern
11198,Rocket League,2015,Unknown,Vehicle,Stylized,Futuristic
144765,Life is Strange: True Colors,2021,Female,Human,Stylized,Modern
119388,The Legend of Zelda: Tears of the Kingdom,2023,Male,Superhuman,Cel-Shaded/Toon Style,Fantasy
565,Uncharted 2: Among Thieves,2009,Male,Human,Realistic,Modern
3025,Middle-earth: Shadow of Mordor,2014,Male,Superhuman,Realistic,Fantasy
1384,Hotline Miami,2012,Male,Human,Pixel Art,Modern
4225,Ultimate Spider-Man,2005,Male,Superhuman,Cel-Shaded/Toon Style,Modern
1074,Super Mario 64,1996,Male,Human,Stylized,Fantasy
1070,Super Mario World,1990,Male,Human,Pixel Art,Fantasy
891,Team Fortress 2,2007,Male,Human,Stylized,Modern
2031,Wolfenstein: The New Order,2014,Male,Human,Realistic,Sci-Fi
128,Assassin's Creed,2007,Male,Human,Realistic,Historical
18,Max Payne,2001,Male,Human,Realistic,Modern
1039,The Legend of Zelda: Ocarina of Time 3D,2011,Male,Superhuman,Stylized,Fantasy
26758,Super Mario Odyssey,2017,Male,Human,Stylized,Fantasy
15,Fallout 3,2008,Multiple,Custom,Realistic,Post-Apocalyptic
12517,Undertale,2015,Unknown,Human,Pixel Art,Fantasy
9730,Firewatch,2016,Male,Human,Stylized,Modern
1985,Metal Gear Solid V: The Phantom Pain,2015,Male,Human,Realistic,Historical
113112,Hades,2020,Male,God/Abstract,Hand-Drawn,Mythological
1266,Assassin's Creed III,2012,Male,Human,Realistic,Historical
623,Call of Duty 4: Modern Warfare,2007,Male,Human,Realistic,Modern
11208,NieR: Automata,2017,Multiple,Robot,Realistic,Sci-Fi
75,Mass Effect 3,2012,Multiple,Custom,Realistic,Sci-Fi
1352,Journey,2012,Unknown,Human,Stylized,Abstract
135400,Minecraft,2016,Multiple,Custom,Voxel,Fantasy
2963,Dota 2,2013,Multiple,Selectable,Stylized,Fantasy
559,Call of Duty: Modern Warfare 2,2009,Male,Human,Realistic,Modern
980,Grand Theft Auto,1997,Male,Human,Stylized,Modern
76,Dragon Age: Origins,2009,Multiple,Custom,Realistic,Fantasy
19686,Resident Evil 2,2019,Multiple,Human,Realistic,Post-Apocalyptic
26192,The Last of Us Part II,2020,Female,Human,Realistic,Post-Apocalyptic
493,Heavy Rain,2010,Multiple,Human,Realistic,Modern
478,The Witcher 2: Assassins of Kings,2011,Male,Superhuman,Realistic,Fantasy
247,Half-Life 2: Episode Two,2007,Male,Human,Realistic,Sci-Fi
1879,Terraria,2011,Multiple,Custom,Pixel Art,Fantasy
113,Assassin's Creed Brotherhood,2010,Male,Human,Realistic,Historical
974,Resident Evil 4,2005,Male,Human,Realistic,Post-Apocalyptic
40,Mafia II,2010,Male,Human,Realistic,Historical
119133,Elden Ring,2022,Multiple,Custom,Realistic,Fantasy
37,Dead Space,2008,Male,Human,Realistic,Sci-Fi
76882,Sekiro: Shadows Die Twice,2019,Male,Superhuman,Realistic,Historical
512,Uncharted 3: Drake's Deception,2011,Male,Human,Realistic,Modern
481,Silent Hill 2,2001,Male,Human,Realistic,Modern
1041,The Legend of Zelda: Oracle of Ages,2001,Male,Superhuman,Pixel Art,Fantasy
7603,Hellblade: Senua's Sacrifice,2017,Female,Human,Realistic,Mythological
2993,The Wolf Among Us,2013,Male,Superhuman,Cel-Shaded/Toon Style,Fantasy
1051,Mirror's Edge,2008,Female,Human,Stylized,Futuristic
1121,Watch Dogs,2014,Male,Human,Realistic,Modern
25657,Destiny 2,2017,Multiple,Custom,Stylized,Sci-Fi
1062,Alan Wake,2010,Male,Human,Realistic,Modern
7444,Shovel Knight,2014,Male,Human,Pixel Art,Fantasy
74701,Star Wars Jedi: Fallen Order,2019,Male,Superhuman,Realistic,Sci-Fi
358,Super Mario Bros.,1985,Male,Human,Pixel Art,Fantasy
730,Grand Theft Auto III,2001,Male,Human,Realistic,Modern
545,Call of Duty: Black Ops,2010,Male,Human,Realistic,Historical
28540,Assassin's Creed Origins,2017,Male,Human,Realistic,Historical
866,Sid Meier's Civilization V,2010,Unknown,God/Abstract,Stylized,Historical
495,Metro 2033,2010,Male,Human,Realistic,Post-Apocalyptic
1077,Super Mario Galaxy,2007,Male,Human,Stylized,Sci-Fi
498,Borderlands,2009,Multiple,Human,Cel-Shaded/Toon Style,Sci-Fi
109,L.A. Noire,2011,Male,Human,Realistic,Historical
115289,Hollow Knight: Silksong,2025,Female,Creature,Hand-Drawn,Fantasy
26226,Celeste,2018,Female,Human,Pixel Art,Modern
114795,Apex Legends,2019,Multiple,Human,Stylized,Sci-Fi
960,Max Payne 3,2012,Male,Human,Realistic,Modern
6801,Far Cry 4,2014,Male,Human,Realistic,Modern
21,BioShock 2,2010,Male,Superhuman,Stylized,Sci-Fi
103054,Assassin's Creed Odyssey,2018,Multiple,Human,Realistic,Historical
3035,The Stanley Parable,2013,Male,Human,Stylized,Abstract
11233,What Remains of Edith Finch,2017,Female,Human,Stylized,Modern
28552,Far Cry 5,2018,Multiple,Custom,Realistic,Modern
7344,Ori and the Blind Forest,2015,Unknown,Creature,Hand-Drawn,Fantasy
19562,Resident Evil 7: Biohazard,2017,Male,Human,Realistic,Post-Apocalyptic
338,Half-Life 2: Episode One,2006,Male,Human,Realistic,Sci-Fi
19564,Death Stranding,2019,Male,Human,Realistic,Post-Apocalyptic
103329,Control,2019,Female,Superhuman,Realistic,Sci-Fi
19531,Prey,2017,Multiple,Human,Realistic,Sci-Fi
9061,Cuphead,2017,Male,Creature,Hand-Drawn,Fantasy
1262,South Park: The Stick of Truth,2014,Male,Human,Anime/Cartoon,Fantasy
17447,Titanfall 2,2016,Male,Human,Realistic,Sci-Fi
116,Star Wars: Knights of the Old Republic,2003,Multiple,Custom,Stylized,Sci-Fi
1377,Spec Ops: The Line,2012,Male,Human,Realistic,Modern
880,Resident Evil 2,1998,Multiple,Human,Stylized,Post-Apocalyptic
18320,Battlefield 1,2016,Male,Human,Realistic,Historical
1103,Super Metroid,1994,Female,Superhuman,Pixel Art,Sci-Fi
873,Saints Row: The Third,2011,Multiple,Custom,Stylized,Modern
11118,Dishonored 2,2016,Multiple,Superhuman,Stylized,Futuristic
979,Call of Duty: Modern Warfare 3,2011,Male,Human,Realistic,Modern
98,Need for Speed: Most Wanted,2005,Unknown,Vehicle,Realistic,Modern
2058,Payday 2,2013,Male,Human,Realistic,Modern
255777,MiSide,2024,Male,Human,Anime/Cartoon,Sci-Fi
135243,It Takes Two,2021,Multiple,Human,Stylized,Fantasy
537,Assassin's Creed Revelations,2011,Male,Human,Realistic,Historical
431,Uncharted: Drake's Fortune,2007,Male,Human,Realistic,Modern
5606,Assassin's Creed Unity,2014,Male,Human,Realistic,Historical
19,Max Payne 2: The Fall of Max Payne,2003,Multiple,Human,Realistic,Modern
1887,Dragon Age: Inquisition,2014,Multiple,Custom,Realistic,Fantasy
1015,BloodRayne,2002,Female,Superhuman,Realistic,Historical
885,Super Meat Boy,2010,Male,Creature,Stylized,Abstract
2903,Warframe,2013,Multiple,Superhuman,Stylized,Sci-Fi
7292,Mortal Kombat X,2015,Multiple,Selectable,Realistic,Fantasy
11157,Hitman,2016,Male,Human,Realistic,Modern
43,Deus Ex: Human Revolution,2011,Male,Superhuman,Realistic,Futuristic
9498,Deus Ex: Mankind Divided,2016,Male,Superhuman,Realistic,Futuristic
2155,Dark Souls,2011,Multiple,Custom,Realistic,Fantasy
1910,Outlast,2013,Male,Human,Realistic,Modern
1342,Beyond: Two Souls,2013,Female,Superhuman,Realistic,Modern
222341,Silent Hill 2,2024,Male,Human,Realistic,Modern
59,The Elder Scrolls IV: Oblivion,2006,Multiple,Custom,Realistic,Fantasy
1979,Battlefield 4,2013,Male,Human,Realistic,Modern
19441,Watch Dogs 2,2016,Male,Human,Stylized,Modern
9927,Persona 5,2016,Male,Human,Anime/Cartoon,Modern
2935,"Papers, Please",2013,Male,Human,Pixel Art,Modern
546,Prey,2006,Male,Human,Realistic,Sci-Fi
7609,Until Dawn,2015,Multiple,Human,Realistic,Modern
1075,Super Mario Sunshine,2002,Male,Human,Stylized,Fantasy
122,Left 4 Dead,2008,Multiple,Human,Realistic,Post-Apocalyptic
38,Dead Space 2,2011,Male,Human,Realistic,Sci-Fi
1983,Bastion,2011,Male,Human,Hand-Drawn,Fantasy
132181,Resident Evil 4,2023,Male,Human,Realistic,Post-Apocalyptic
343,Battlefield 3,2011,Male,Human,Realistic,Modern
159119,Dead Space,2023,Male,Human,Realistic,Sci-Fi
427,Final Fantasy VII,1997,Male,Human,Stylized,Sci-Fi
1334,Brothers: A Tale of Two Sons,2013,Male,Human,Stylized,Fantasy
847,Resident Evil 5,2009,Multiple,Human,Realistic,Modern
3042,Dying Light,2015,Male,Human,Realistic,Post-Apocalyptic
241,Counter-Strike,2000,Male,Human,Realistic,Modern
36952,Wolfenstein II: The New Colossus,2017,Male,Human,Realistic,Sci-Fi
2003,Batman: Arkham Origins,2013,Male,Superhuman,Realistic,Modern
26472,Disco Elysium,2019,Male,Human,Hand-Drawn,Modern
3195,Assassin's Creed III: Liberation,2012,Female,Human,Realistic,Historical
26855,Dead Cells,2018,Male,Creature,Pixel Art,Fantasy
37016,Metro Exodus,2019,Male,Human,Realistic,Post-Apocalyptic
9174,Little Nightmares,2017,Female,Human,Stylized,Fantasy
8263,Assassin's Creed Syndicate,2015,Multiple,Human,Realistic,Historical
1076,New Super Mario Bros.,2006,Male,Human,Stylized,Fantasy
1122,Call of Duty: Black Ops II,2012,Male,Human,Realistic,Futuristic
530,Hitman: Absolution,2012,Male,Human,Realistic,Modern
4598,Contra,1987,Male,Human,Pixel Art,Sci-Fi
8173,Overwatch,2016,Multiple,Selectable,Stylized,Futuristic
2552,Mad Max,2015,Male,Human,Realistic,Post-Apocalyptic
119171,Baldur's Gate III,2023,Multiple,Custom,Realistic,Fantasy
2207,Shadow of the Colossus,2005,Male,Human,Stylized,Fantasy
37777,Shadow of the Tomb Raider,2018,Female,Human,Realistic,Modern
27316,A Plague Tale: Innocence,2019,Female,Human,Realistic,Historical
36897,A Way Out,2018,Multiple,Human,Realistic,Modern
1626,Super Smash Bros.,1999,Multiple,Selectable,Stylized,Fantasy
8223,Assassin's Creed Chronicles: China,2015,Female,Human,Stylized,Historical
1069,Super Mario Land,1989,Male,Human,Pixel Art,Fantasy
200165,Call of Duty: Modern Warfare II,2022,Male,Human,Realistic,Modern
1968,Rayman Legends,2013,Male,Creature,Hand-Drawn,Fantasy
9066,Cities: Skylines,2015,Unknown,God/Abstract,Realistic,Modern
3193,Need for Speed: Most Wanted,2012,Unknown,Vehicle,Realistic,Modern
5328,Metal Gear Solid V: Ground Zeroes,2014,Male,Human,Realistic,Historical
1981,Saints Row IV,2013,Multiple,Custom,Stylized,Sci-Fi
36926,Monster Hunter: World,2018,Multiple,Custom,Realistic,Fantasy
77,Dragon Age: Origins - Awakening,2010,Multiple,Custom,Realistic,Fantasy
3225,No Man's Sky,2016,Unknown,Custom,Stylized,Sci-Fi
5199,Super Mario All-Stars,1993,Male,Human,Pixel Art,Fantasy
625,Call of Duty: World at War,2008,Male,Human,Realistic,Historical
1941,Infamous: Second Son,2014,Male,Superhuman,Realistic,Modern
4754,Alien: Isolation,2014,Female,Human,Realistic,Sci-Fi
1318,XCOM: Enemy Unknown,2012,Multiple,Human,Stylized,Modern
22301,Super Mario 64 DS,2004,Male,Human,Stylized,Fantasy
7339,Super Mario Maker,2015,Male,Human,Stylized,Fantasy
254339,Super Mario Bros. Wonder,2023,Multiple,Human,Stylized,Fantasy
103298,Doom Eternal,2020,Male,Superhuman,Realistic,Sci-Fi
1911,Path of Exile,2013,Multiple,Human,Realistic,Fantasy
113114,The Outer Worlds,2019,Multiple,Custom,Stylized,Sci-Fi
75235,Ghost of Tsushima,2020,Male,Human,Realistic,Historical
11800,Divinity: Original Sin II,2017,Multiple,Custom,Stylized,Fantasy
9727,Soma,2015,Male,Human,Realistic,Sci-Fi
103339,Super Mario Party,2018,Multiple,Selectable,Stylized,Fantasy
7205,SuperHot,2016,Unknown,Human,Stylized,Abstract
6880,Metro Redux,2014,Male,Human,Realistic,Post-Apocalyptic
142,Star Wars: Battlefront II,2005,Multiple,Human,Realistic,Sci-Fi
9509,Call of Duty: Black Ops III,2015,Multiple,Human,Realistic,Futuristic
82090,Forza Horizon 4,2018,Multiple,Vehicle,Realistic,Modern
76253,Devil May Cry 5,2019,Multiple,Superhuman,Realistic,Fantasy
307,Counter-Strike: Source,2004,Male,Human,Realistic,Modern
3278,Garry's Mod,2004,Unknown,Custom,Realistic,Abstract
1254,DmC: Devil May Cry,2013,Male,Superhuman,Realistic,Fantasy
23796,Super Mario Run,2016,Male,Human,Stylized,Fantasy
9254,Subnautica,2018,Male,Human,Stylized,Sci-Fi
20065,Resident Evil 4,2011,Male,Human,Realistic,Post-Apocalyptic
19130,Sid Meier's Civilization VI,2016,Unknown,God/Abstract,Stylized,Historical
14,Fallout 2,1998,Multiple,Custom,Stylized,Post-Apocalyptic
94,Need for Speed: Porsche Unleashed,2000,Unknown,Vehicle,Realistic,Modern
359,Final Fantasy XV,2016,Male,Human,Realistic,Fantasy
8187,Just Cause 3,2015,Male,Human,Realistic,Modern
622,Call of Duty 2,2005,Male,Human,Realistic,Historical
551,God of War II,2007,Male,Superhuman,Realistic,Mythological
1267,Sleeping Dogs,2012,Male,Human,Realistic,Modern
19561,Days Gone,2019,Male,Human,Realistic,Post-Apocalyptic
3022,Transistor,2014,Female,Human,Hand-Drawn,Sci-Fi
11162,For Honor,2017,Multiple,Human,Realistic,Historical
134,Devil May Cry,2001,Male,Superhuman,Realistic,Fantasy
11119,Fallout Shelter,2015,Unknown,God/Abstract,Stylized,Post-Apocalyptic
11065,Ratchet & Clank (2016),2016,Male,Creature,Stylized,Sci-Fi
110248,Stray,2022,Male,Animal,Realistic,Futuristic
26401,Star Wars Battlefront II,2017,Multiple,Human,Realistic,Sci-Fi
296,Crysis,2007,Male,Superhuman,Realistic,Sci-Fi
536,Dead Island,2011,Multiple,Human,Realistic,Post-Apocalyptic
4843,Kingdom Come: Deliverance,2018,Male,Human,Realistic,Historical
111469,Among Us,2018,Unknown,Creature,Stylized,Sci-Fi
56,The Elder Scrolls III: Morrowind,2002,Multiple,Custom,Realistic,Fantasy
37001,Ori and the Will of the Wisps,2020,Unknown,Creature,Hand-Drawn,Fantasy
558,Just Cause 2,2010,Male,Human,Realistic,Modern
499,God of War III,2010,Male,Superhuman,Realistic,Mythological
11492,Mafia III,2016,Male,Human,Realistic,Historical
27421,Middle-earth: Shadow of War,2017,Male,Superhuman,Realistic,Fantasy
320,S.T.A.L.K.E.R.: Shadow of Chernobyl,2007,Male,Human,Realistic,Post-Apocalyptic
260780,Call of Duty: Modern Warfare III,2023,Male,Human,Realistic,Modern
1082,Resident Evil 6,2012,Multiple,Human,Realistic,Post-Apocalyptic
55935,Doki Doki Literature Club!,2017,Male,Human,Anime/Cartoon,Modern
7327,Valiant Hearts: The Great War,2014,Multiple,Human,Hand-Drawn,Historical
8965,Darkest Dungeon,2016,Multiple,Human,Hand-Drawn,Fantasy
5601,The Witness,2016,Unknown,Human,Stylized,Abstract
26193,Uncharted: The Lost Legacy,2017,Female,Human,Realistic,Modern
6032,Borderlands: The Pre-Sequel,2014,Multiple,Human,Cel-Shaded/Toon Style,Sci-Fi
3212,The Sims 4,2014,Multiple,Custom,Stylized,Modern
378,Metal Gear Rising: Revengeance,2013,Male,Superhuman,Realistic,Futuristic
2126,Hotline Miami 2: Wrong Number,2015,Multiple,Human,Pixel Art,Modern
539,Metro: Last Light,2013,Male,Human,Realistic,Post-Apocalyptic
1918,Injustice: Gods Among Us,2013,Multiple,Selectable,Realistic,Modern
28204,Call of Duty: WWII,2017,Male,Human,Realistic,Historical
111,Amnesia: The Dark Descent,2010,Male,Human,Realistic,Historical
134582,Ratchet & Clank: Rift Apart,2021,Multiple,Creature,Stylized,Sci-Fi
1289,Ratchet & Clank,2002,Male,Creature,Stylized,Sci-Fi
621,Call of Duty,2003,Male,Human,Realistic,Historical
138950,Monster Hunter Rise,2021,Multiple,Custom,Realistic,Fantasy
2114,Tom Clancy's The Division,2016,Multiple,Custom,Realistic,Modern
29004,Life is Strange: Before the Storm,2017,Female,Human,Stylized,Modern
118,Star Wars: Knights of the Old Republic II - The Sith Lords,2004,Multiple,Custom,Stylized,Sci-Fi
5894,XCOM: Enemy Within,2013,Multiple,Human,Stylized,Modern
10919,XCOM 2,2016,Multiple,Human,Stylized,Sci-Fi
2136,Bayonetta,2009,Female,Superhuman,Stylized,Fantasy
3750,Quantum Break,2016,Male,Superhuman,Realistic,Sci-Fi
119277,Genshin Impact,2020,Multiple,Superhuman,Anime/Cartoon,Fantasy
7789,The Binding of Isaac: Rebirth,2014,Male,Human,Stylized,Abstract
1871,The Walking Dead,2012,Male,Human,Cel-Shaded/Toon Style,Post-Apocalyptic
18433,Overcooked!,2016,Multiple,Human,Stylized,Modern
11544,Paladins,2017,Multiple,Superhuman,Stylized,Fantasy
836,Prince of Persia: The Sands of Time,2003,Male,Superhuman,Stylized,Historical
5973,Broforce,2015,Male,Human,Pixel Art,Modern
909,Tom Clancy's Rainbow Six: Vegas,2006,Male,Human,Realistic,Modern
1270,Darksiders,2010,Male,Superhuman,Stylized,Fantasy
1068,Super Mario Bros. 3,1988,Male,Human,Pixel Art,Fantasy
17832,Don't Starve Together,2016,Multiple,Human,Hand-Drawn,Fantasy
375,Metal Gear Solid,1998,Male,Human,Realistic,Modern
11737,Outer Wilds,2019,Unknown,Creature,Stylized,Sci-Fi
7706,This War of Mine,2014,Multiple,Human,Stylized,Modern
120,Diablo III,2012,Multiple,Custom,Stylized,Fantasy
1991,Fez,2012,Male,Creature,Pixel Art,Abstract
11397,Yakuza 0,2015,Male,Human,Realistic,Historical
4,Thief,2014,Male,Human,Realistic,Fantasy
2132,The Binding of Isaac,2011,Male,Human,Stylized,Abstract
22917,Gris,2018,Female,Human,Hand-Drawn,Abstract
6739,Black Mesa,2020,Male,Human,Realistic,Sci-Fi
2853,Braid,2008,Male,Human,Hand-Drawn,Fantasy
327,Age of Empires II: The Age of Kings,1999,Unknown,God/Abstract,Stylized,Historical
517,F.E.A.R.,2005,Male,Human,Realistic,Modern
4786,The Evil Within,2014,Male,Human,Realistic,Modern
5025,To the Moon,2011,Multiple,Human,Pixel Art,Sci-Fi
987,Halo 3,2007,Male,Superhuman,Realistic,Sci-Fi
115115,Resident Evil 3,2020,Female,Human,Realistic,Post-Apocalyptic
1048,Hitman: Blood Money,2006,Male,Human,Realistic,Modern
361,Far Cry 2,2008,Male,Human,Realistic,Modern
2113,Star Wars Battlefront,2015,Multiple,Human,Realistic,Sci-Fi
4797,Dead Rising,2006,Male,Human,Realistic,Modern
40477,Slay the Spire,2019,Multiple,Creature,Hand-Drawn,Fantasy
132,Warcraft III: Reign of Chaos,2002,Multiple,Superhuman,Stylized,Fantasy
9192,Wolfenstein: The Old Blood,2015,Male,Human,Realistic,Historical
2368,Dark Souls II,2014,Multiple,Custom,Realistic,Fantasy
7352,Abzu,2016,Female,Human,Stylized,Fantasy
352,Battlefield: Bad Company 2,2010,Male,Human,Realistic,Modern
125174,Overwatch,2023,Multiple,Selectable,Stylized,Futuristic
2033,Call of Duty: Ghosts,2013,Male,Human,Realistic,Futuristic
3153,Castle Crashers,2008,Male,Human,Hand-Drawn,Fantasy
1939,Destiny,2014,Multiple,Custom,Stylized,Sci-Fi
103210,Hitman 2,2018,Male,Human,Realistic,Modern
78,Dragon Age II,2011,Multiple,Custom,Realistic,Fantasy
55163,Resident Evil Village,2021,Male,Human,Realistic,Post-Apocalyptic
2001,Far Cry 3: Blood Dragon,2013,Male,Superhuman,Stylized,Sci-Fi
19164,Borderlands 3,2019,Multiple,Human,Cel-Shaded/Toon Style,Sci-Fi
126,Diablo II,2000,Multiple,Custom,Stylized,Fantasy
3152,Don't Starve,2013,Male,Human,Hand-Drawn,Fantasy
11,Vampire: The Masquerade - Bloodlines,2004,Multiple,Superhuman,Realistic,Modern
966,Resident Evil 3: Nemesis,1999,Female,Human,Stylized,Post-Apocalyptic
136625,Hogwarts Legacy,2023,Multiple,Custom,Realistic,Fantasy
141,Star Wars: Battlefront,2004,Male,Human,Realistic,Sci-Fi
5335,Goat Simulator,2014,Unknown,Animal,Realistic,Modern
1277,Plants vs. Zombies,2009,Unknown,God/Abstract,Stylized,Modern
1185,Crash Bandicoot,1996,Male,Animal,Stylized,Sci-Fi
482,Silent Hill 3,2003,Female,Human,Realistic,Modern
6632,Call of Duty: Advanced Warfare,2014,Male,Human,Realistic,Futuristic
134581,Marvel's Spider-Man: Miles Morales,2020,Male,Superhuman,Realistic,Modern
20150,Katana Zero,2019,Male,Superhuman,Pixel Art,Futuristic
570,Prototype,2009,Male,Superhuman,Realistic,Modern
23248,Frostpunk,2018,Unknown,God/Abstract,Realistic,Post-Apocalyptic
112916,Mortal Kombat 11,2019,Multiple,Selectable,Realistic,Fantasy
990,Halo: Reach,2010,Multiple,Superhuman,Realistic,Sci-Fi
1906,Gone Home,2013,Female,Human,Realistic,Modern
39,Mafia,2002,Male,Human,Realistic,Historical
2667,FlatOut,2004,Unknown,Vehicle,Realistic,Modern
260,The Sims 3,2009,Multiple,Custom,Stylized,Modern
306,Far Cry,2004,Male,Human,Realistic,Modern
2899,EarthBound,1994,Male,Human,Pixel Art,Modern
83728,Battlefield V,2018,Male,Human,Realistic,Historical
11182,Enter the Gungeon,2016,Multiple,Human,Pixel Art,Fantasy
1339,Psychonauts,2005,Male,Superhuman,Stylized,Modern
7348,Halo: The Master Chief Collection,2014,Male,Superhuman,Realistic,Sci-Fi
1337,Torchlight II,2012,Multiple,Custom,Stylized,Fantasy
10233,Brawlhalla,2017,Multiple,Selectable,Stylized,Fantasy
37094,Shadow of the Colossus,2018,Male,Human,Realistic,Fantasy
3075,FTL: Faster Than Light,2012,Multiple,Human,Pixel Art,Sci-Fi
12482,Layers of Fear,2016,Male,Human,Realistic,Historical
18866,Dead by Daylight,2016,Multiple,Human,Realistic,Modern
837,Prince of Persia: Warrior Within,2004,Male,Superhuman,Stylized,Historical
96,Need for Speed: Underground,2003,Unknown,Vehicle,Realistic,Modern
547,Gears of War,2006,Male,Human,Realistic,Sci-Fi
131800,Call of Duty: Warzone,2020,Multiple,Custom,Realistic,Modern
3109,Postal 2,2003,Male,Human,Stylized,Modern
544,The Darkness II,2012,Male,Superhuman,Cel-Shaded/Toon Style,Modern
212,Brütal Legend,2009,Male,Human,Stylized,Fantasy
14587,Oxenfree,2016,Female,Human,Stylized,Modern
7570,Assassin's Creed Rogue,2014,Male,Human,Realistic,Historical
2990,Machinarium,2009,Male,Robot,Hand-Drawn,Sci-Fi
106805,Call of Duty: Mobile,2019,Multiple,Custom,Realistic,Modern
7610,Game of Thrones: A Telltale Games Series,2014,Multiple,Human,Cel-Shaded/Toon Style,Fantasy
10395,Half-Life 2: Lost Coast,2005,Male,Human,Realistic,Sci-Fi
11137,Sea of Thieves,2018,Multiple,Custom,Stylized,Fantasy
4756,Child of Light,2014,Female,Superhuman,Hand-Drawn,Fantasy
13182,Far Cry: Primal,2016,Male,Human,Realistic,Historical
2042,Magicka,2011,Multiple,Human,Stylized,Fantasy
3070,Euro Truck Simulator 2,2012,Unknown,Vehicle,Realistic,Modern
103301,Wolfenstein: Youngblood,2019,Female,Human,Realistic,Sci-Fi
1187,Crash Bandicoot: Warped,1998,Multiple,Animal,Stylized,Sci-Fi
3812,Ryse: Son of Rome,2013,Male,Human,Realistic,Historical
11169,Final Fantasy VII Remake,2020,Male,Human,Realistic,Sci-Fi
7386,The Talos Principle,2014,Unknown,Robot,Realistic,Sci-Fi
7504,The Forest,2018,Male,Human,Realistic,Modern
7878,Unturned,2017,Multiple,Custom,Low-Poly,Post-Apocalyptic
1802,Chrono Trigger,1995,Male,Human,Pixel Art,Fantasy
1269,Darksiders II,2012,Male,Superhuman,Stylized,Fantasy
1876,Spore,2008,Unknown,Creature,Stylized,Sci-Fi
3182,Diablo III: Reaper of Souls,2014,Multiple,Custom,Stylized,Fantasy
16992,Human: Fall Flat,2016,Unknown,Human,Stylized,Abstract
2165,War Thunder,2013,Unknown,Vehicle,Realistic,Historical
3188,Murdered: Soul Suspect,2014,Male,Superhuman,Realistic,Modern
3221,Rogue Legacy,2013,Multiple,Human,Pixel Art,Fantasy
152249,Marvel's Guardians of the Galaxy,2021,Male,Human,Realistic,Sci-Fi
8254,Resident Evil,2014,Multiple,Human,Realistic,Post-Apocalyptic
3048,The Order: 1886,2015,Male,Superhuman,Realistic,Historical
494,Bulletstorm,2011,Male,Human,Realistic,Sci-Fi
2438,Prince of Persia,2008,Male,Human,Stylized,Historical
424,Resident Evil,1996,Multiple,Human,Stylized,Post-Apocalyptic
19474,Gwent: The Witcher Card Game,2018,Multiple,God/Abstract,Hand-Drawn,Fantasy
9643,Return of the Obra Dinn,2018,Male,Human,Stylized,Historical
1827,Remember Me,2013,Female,Human,Realistic,Futuristic
133004,Assassin's Creed Valhalla,2020,Multiple,Human,Realistic,Historical
379,Metal Gear Solid 3: Snake Eater,2004,Male,Human,Realistic,Historical
7605,S.T.A.L.K.E.R.: Call of Pripyat,2009,Male,Human,Realistic,Post-Apocalyptic
826,Saints Row 2,2008,Multiple,Custom,Realistic,Modern
230,StarCraft,1998,Multiple,God/Abstract,Stylized,Sci-Fi
19470,Injustice 2,2017,Multiple,Selectable,Realistic,Modern
1976,Call of Juarez: Gunslinger,2013,Male,Human,Stylized,Historical
2437,Prince of Persia: The Two Thrones,2005,Male,Superhuman,Stylized,Historical
989,Halo 3: ODST,2009,Male,Human,Realistic,Sci-Fi
1216,Dead Space 3,2013,Male,Human,Realistic,Sci-Fi
21062,Sonic Mania,2017,Male,Animal,Pixel Art,Fantasy
942,World of Goo,2008,Unknown,Creature,Hand-Drawn,Abstract
114283,Persona 5 Royal,2019,Male,Human,Anime/Cartoon,Modern
2472,Prince of Persia,1989,Male,Human,Pixel Art,Historical
2261,Gothic,2001,Male,Human,Realistic,Fantasy
105,Need for Speed: Hot Pursuit,2010,Unknown,Vehicle,Realistic,Modern
8729,Vampyr,2018,Male,Superhuman,Realistic,Historical
981,Rayman Origins,2011,Male,Creature,Hand-Drawn,Fantasy
548,Gears of War 2,2008,Male,Human,Realistic,Sci-Fi
11161,South Park: The Fractured But Whole,2017,Male,Human,Anime/Cartoon,Modern
2112,Mirror's Edge Catalyst,2016,Female,Human,Stylized,Futuristic
119177,Call of Duty: Modern Warfare,2019,Male,Human,Realistic,Modern
2985,Persona 4 Golden,2012,Male,Human,Anime/Cartoon,Modern
509,Rage,2011,Male,Human,Realistic,Post-Apocalyptic
2549,Half-Life: Blue Shift,2001,Male,Human,Realistic,Sci-Fi
232,Half-Life: Opposing Force,1999,Male,Human,Realistic,Sci-Fi
103283,The Awesome Adventures of Captain Spirit,2018,Male,Human,Stylized,Modern
620,Burnout Paradise,2008,Unknown,Vehicle,Realistic,Modern
186725,Vampire Survivors,2022,Multiple,Human,Pixel Art,Fantasy
2025,Mount & Blade: Warband,2010,Multiple,Custom,Realistic,Historical
4840,S.T.A.L.K.E.R.: Clear Sky,2008,Male,Human,Realistic,Post-Apocalyptic
103292,Gears 5,2019,Female,Human,Realistic,Sci-Fi
890,Syberia,2002,Female,Human,Stylized,Modern
3277,Rust,2018,Multiple,Custom,Realistic,Post-Apocalyptic
2605,BattleBlock Theater,2013,Multiple,Human,Hand-Drawn,Abstract
7579,Insurgency,2014,Male,Human,Realistic,Modern
389,Final Fantasy XIII,2009,Female,Human,Realistic,Sci-Fi
99,Need for Speed: Carbon,2006,Unknown,Vehicle,Realistic,Modern
103341,Overcooked! 2,2018,Multiple,Human,Stylized,Modern
7046,Factorio,2020,Male,Human,Stylized,Sci-Fi
3078,Sniper Elite V2,2012,Male,Human,Realistic,Historical
2599,Game Dev Tycoon,2012,Unknown,Human,Stylized,Modern
8968,Everlasting Summer,2014,Male,Human,Anime/Cartoon,Modern
36813,The Evil Within 2,2017,Male,Human,Realistic,Modern
2602,Alan Wake's American Nightmare,2012,Male,Human,Realistic,Modern
3019,Starbound,2016,Multiple,Custom,Pixel Art,Sci-Fi
748,Hitman 2: Silent Assassin,2002,Male,Human,Realistic,Modern
2129,Mark of the Ninja,2012,Male,Human,Hand-Drawn,Modern
141503,Forza Horizon 5,2021,Multiple,Vehicle,Realistic,Modern
1268,Crysis 3,2013,Male,Superhuman,Realistic,Sci-Fi
1616,Mortal Kombat: Armageddon,2006,Multiple,Selectable,Realistic,Fantasy
297,Counter-Strike: Condition Zero,2004,Male,Human,Realistic,Modern
239,StarCraft II: Wings of Liberty,2010,Male,Human,Stylized,Sci-Fi
2939,The Vanishing of Ethan Carter,2014,Male,Human,Realistic,Modern
62151,Life is Strange 2,2018,Male,Human,Stylized,Modern
27117,Into the Breach,2018,Multiple,Robot,Pixel Art,Sci-Fi
153,Star Wars: Jedi Knight - Jedi Academy,2003,Multiple,Custom,Stylized,Sci-Fi
90099,Tom Clancy's The Division 2,2019,Multiple,Custom,Realistic,Modern
1627,Super Smash Bros. Melee,2001,Multiple,Selectable,Stylized,Fantasy
117,The Last Guardian,2016,Male,Human,Stylized,Fantasy
10965,Need for Speed,2015,Unknown,Vehicle,Realistic,Modern
4847,Lords of the Fallen,2014,Male,Human,Realistic,Fantasy
11170,Unravel,2016,Unknown,Creature,Stylized,Modern
8347,The Long Dark,2017,Multiple,Human,Stylized,Modern
24869,Resident Evil,2002,Multiple,Human,Realistic,Post-Apocalyptic
280,Doom 3,2004,Male,Human,Realistic,Sci-Fi
7498,Tekken 7,2015,Multiple,Selectable,Realistic,Modern
5082,Divinity: Original Sin,2014,Multiple,Custom,Stylized,Fantasy
12595,Yakuza Kiwami,2016,Male,Human,Realistic,Modern
430,Call of Juarez: Bound In Blood,2009,Multiple,Human,Realistic,Historical
1593,Pillars of Eternity,2015,Multiple,Custom,Stylized,Fantasy
694,Fable: The Lost Chapters,2005,Male,Human,Stylized,Fantasy
911,Tom Clancy's Splinter Cell: Chaos Theory,2005,Male,Human,Realistic,Modern
2682,LEGO Star Wars: The Complete Saga,2007,Multiple,Human,Stylized,Sci-Fi
100,Need for Speed: ProStreet,2007,Unknown,Vehicle,Realistic,Modern
18968,Call of Duty: Infinite Warfare,2016,Male,Human,Realistic,Sci-Fi
418,Final Fantasy X,2001,Male,Human,Stylized,Fantasy
1885,Homefront,2011,Male,Human,Realistic,Futuristic
2949,Killing Floor,2009,Multiple,Human,Realistic,Modern
55047,The Dark Pictures Anthology: Man of Medan,2019,Multiple,Human,Realistic,Modern
562,Tom Clancy's Splinter Cell: Conviction,2010,Male,Human,Realistic,Modern
103281,Halo Infinite,2021,Male,Superhuman,Realistic,Sci-Fi
429,Call of Juarez,2006,Multiple,Human,Realistic,Historical
3775,Assassin's Creed: Freedom Cry,2013,Male,Human,Realistic,Historical
19554,Steep,2016,Multiple,Custom,Realistic,Modern
7621,RiME,2017,Male,Human,Stylized,Fantasy
5508,The Banner Saga,2014,Multiple,Human,Hand-Drawn,Fantasy
2918,Crusader Kings II,2012,Multiple,God/Abstract,Stylized,Historical
5607,Smite,2014,Multiple,God/Abstract,Stylized,Mythological
1369,Company of Heroes 2,2013,Unknown,God/Abstract,Realistic,Historical
26196,Crash Bandicoot N. Sane Trilogy,2017,Male,Animal,Stylized,Sci-Fi
7725,Resident Evil: Revelations 2,2015,Multiple,Human,Realistic,Post-Apocalyptic
2138,Grid 2,2013,Unknown,Vehicle,Realistic,Modern
342,Duke Nukem 3D,1996,Male,Human,Pixel Art,Sci-Fi
556,Medal of Honor,2010,Male,Human,Realistic,Modern
7081,Battlefield Hardline,2015,Male,Human,Realistic,Modern
2407,Crisis Core: Final Fantasy VII,2007,Male,Human,Stylized,Sci-Fi
2358,Chivalry: Medieval Warfare,2012,Male,Human,Realistic,Historical
101,Need for Speed: Undercover,2008,Unknown,Vehicle,Realistic,Modern
910,Tom Clancy's Splinter Cell,2002,Male,Human,Realistic,Modern
376,Metal Gear Solid 2: Sons of Liberty,2001,Multiple,Human,Realistic,Modern
11171,Tom Clancy's Ghost Recon: Wildlands,2017,Multiple,Custom,Realistic,Modern
6748,Killing Floor 2,2016,Multiple,Human,Realistic,Modern
520,F.E.A.R. 2: Project Origin,2009,Male,Human,Realistic,Modern
673,Doom,1993,Male,Human,Pixel Art,Sci-Fi
504,Fable III,2010,Multiple,Human,Stylized,Fantasy
1184,World of Tanks,2011,Unknown,Vehicle,Realistic,Historical
1319,Gears of War: Judgment,2013,Male,Human,Realistic,Sci-Fi
10148,Night in the Woods,2017,Female,Animal,Stylized,Modern
27081,FIFA 18,2017,Male,Human,Realistic,Modern
72813,Untitled Goose Game,2019,Unknown,Animal,Stylized,Modern
2468,Prince of Persia: The Forgotten Sands,2010,Male,Superhuman,Stylized,Historical
14390,Outlast II,2017,Male,Human,Realistic,Modern
36662,Need for Speed: Payback,2017,Multiple,Human,Realistic,Modern
181,Grim Fandango,1998,Male,Creature,Stylized,Fantasy
115,League of Legends,2009,Multiple,Selectable,Stylized,Fantasy
11582,Stellaris,2016,Unknown,God/Abstract,Stylized,Sci-Fi
139090,Inscryption,2021,Male,Human,Stylized,Abstract
1905,Fortnite,2020,Multiple,Custom,Stylized,Modern
527,Serious Sam 3: BFE,2011,Male,Human,Realistic,Sci-Fi
215060,Assassin's Creed Mirage,2023,Male,Human,Realistic,Historical
133236,Final Fantasy VII Rebirth,2024,Male,Human,Realistic,Sci-Fi
8862,Guacamelee! Super Turbo Championship Edition,2014,Male,Human,Stylized,Mythological
8197,Tetris,1989,Unknown,God/Abstract,Pixel Art,Abstract
122120,The Dark Pictures Anthology: Little Hope,2020,Multiple,Human,Realistic,Modern
1219,Kingdom Hearts,2002,Male,Human,Anime/Cartoon,Fantasy
2668,FlatOut 2,2006,Unknown,Vehicle,Realistic,Modern
112875,God of War Ragnarök,2022,Male,God/Abstract,Realistic,Mythological
492,Gears of War 3,2011,Male,God/Abstract,Realistic,Sci-Fi
28512,Risk of Rain 2,2020,Multiple,Creature,Stylized,Sci-Fi
103020,Fallout 76,2018,Multiple,Custom,Realistic,Post-Apocalyptic
25901,My Friend Pedro,2019,Male,Human,Stylized,Modern
105049,Remnant: From the Ashes,2019,Multiple,Custom,Realistic,Post-Apocalyptic
2074,Need for Speed: Rivals,2013,Unknown,Vehicle,Realistic,Modern
1381,Payday: The Heist,2011,Male,Human,Realistic,Modern
578,"Warhammer 40,000: Space Marine",2011,Male,Superhuman,Realistic,Sci-Fi
970,Resident Evil Zero,2002,Multiple,Human,Realistic,Post-Apocalyptic
1882,Amnesia: A Machine for Pigs,2013,Male,Human,Realistic,Historical
18366,Sniper Elite 4,2017,Male,Human,Realistic,Historical
5619,Demon's Souls,2009,Multiple,Custom,Realistic,Fantasy
27134,Deep Rock Galactic,2020,Multiple,Creature,Stylized,Sci-Fi
2480,Torchlight,2009,Multiple,Custom,Stylized,Fantasy
55189,Warhammer: Vermintide 2,2018,Multiple,Human,Realistic,Fantasy
11186,Gears of War 4,2016,Male,Human,Realistic,Sci-Fi
948,Worms Armageddon,1999,Unknown,Creature,Stylized,Modern
5060,Deponia,2012,Male,Human,Hand-Drawn,Sci-Fi
2369,Dark Messiah of Might and Magic,2006,Male,Human,Realistic,Fantasy
101211,Rage 2,2019,Multiple,Human,Stylized,Post-Apocalyptic
1104,Metroid Fusion,2002,Female,Superhuman,Pixel Art,Sci-Fi
3020,Shadowrun Returns,2013,Multiple,Custom,Stylized,Futuristic
90101,Super Smash Bros. Ultimate,2018,Multiple,Selectable,Stylized,Fantasy
1305,Tom Clancy's Splinter Cell: Blacklist,2013,Male,Human,Realistic,Modern
7328,Infamous: First Light,2014,Female,Superhuman,Realistic,Modern
140617,The Dark Pictures Anthology: House of Ashes,2021,Multiple,Human,Realistic,Modern
273,Unreal,1998,Male,Human,Realistic,Sci-Fi
10239,Ark: Survival Evolved,2017,Multiple,Custom,Realistic,Fantasy
9789,RimWorld,2018,Unknown,God/Abstract,Stylized,Sci-Fi
2050,LEGO Marvel Super Heroes,2013,Multiple,Superhuman,Stylized,Modern
1314,Medal of Honor: Airborne,2007,Male,Human,Realistic,Historical
11346,Her Story,2015,Female,Human,Realistic,Modern
104967,Valheim,2021,Multiple,Custom,Low-Poly,Mythological
17026,Furi,2016,Male,Superhuman,Stylized,Sci-Fi
1050,Hitman: Codename 47,2000,Male,Human,Realistic,Modern
6247,Trine,2009,Multiple,Human,Stylized,Fantasy
1078,Super Mario Galaxy 2,2010,Male,Human,Stylized,Sci-Fi
740,Halo: Combat Evolved,2001,Male,Superhuman,Realistic,Sci-Fi
299,Age of Empires III,2005,Unknown,God/Abstract,Realistic,Historical
185252,"Warhammer 40,000: Space Marine II",2024,Male,Superhuman,Realistic,Sci-Fi
421,Final Fantasy IX,2000,Male,Human,Stylized,Fantasy
3247,Sunset Overdrive,2014,Multiple,Custom,Stylized,Post-Apocalyptic
1040,Alice: Madness Returns,2011,Female,Human,Stylized,Fantasy
2681,LEGO Star Wars: The Video Game,2005,Multiple,Human,Stylized,Sci-Fi
514,F.E.A.R. 3,2011,Male,Superhuman,Realistic,Modern
26820,Blasphemous,2019,Male,Superhuman,Pixel Art,Fantasy
333,Quake,1996,Male,Human,Pixel Art,Sci-Fi
1307,Medal of Honor,1999,Male,Human,Realistic,Historical
9600,Persona 4,2008,Male,Human,Anime/Cartoon,Modern
12571,Nioh,2017,Male,Human,Realistic,Historical
216,Neverwinter Nights,2002,Multiple,Custom,Stylized,Fantasy
3087,Broken Age,2014,Multiple,Human,Hand-Drawn,Fantasy
113111,Far Cry New Dawn,2019,Multiple,Custom,Realistic,Post-Apocalyptic
1306,Medal of Honor: Warfighter,2012,Male,Human,Realistic,Modern
384,Final Fantasy XIII-2,2011,Multiple,Human,Realistic,Sci-Fi
857,Serious Sam: The First Encounter,2001,Male,Human,Realistic,Sci-Fi
123,World of Warcraft,2004,Multiple,Custom,Stylized,Fantasy
121760,Little Nightmares II,2021,Male,Human,Stylized,Fantasy
137,Star Wars: The Force Unleashed II,2010,Male,Superhuman,Realistic,Sci-Fi
121752,Ghostrunner,2020,Male,Robot,Realistic,Futuristic
1105,Metroid Prime,2002,Female,Superhuman,Realistic,Sci-Fi
7708,Saints Row: Gat Out of Hell,2015,Multiple,Superhuman,Stylized,Fantasy
2988,Prototype 2,2012,Male,Superhuman,Realistic,Modern
5772,SteamWorld Dig,2013,Male,Robot,Stylized,Sci-Fi
1030,The Legend of Zelda: Majora's Mask,2000,Male,Superhuman,Stylized,Fantasy
16300,Dragon's Dogma: Dark Arisen,2013,Multiple,Custom,Realistic,Fantasy
19459,FIFA 17,2016,Male,Human,Realistic,Modern
9806,Hyper Light Drifter,2016,Male,Human,Pixel Art,Sci-Fi
37030,Dishonored: Death of the Outsider,2017,Female,Superhuman,Stylized,Futuristic
7330,LittleBigPlanet 3,2014,Multiple,Creature,Stylized,Fantasy
6292,Black Desert,2014,Multiple,Custom,Realistic,Fantasy
978,Resident Evil: Revelations,2012,Multiple,Human,Realistic,Post-Apocalyptic
97,Need for Speed: Underground 2,2004,Unknown,Vehicle,Realistic,Modern
11423,This Is the Police,2016,Male,Human,Stylized,Modern
193,Day of the Tentacle,1993,Multiple,Human,Hand-Drawn,Sci-Fi
432,Total War: Shogun 2,2011,Unknown,God/Abstract,Realistic,Historical
1309,Medal of Honor: Frontline,2002,Male,Human,Realistic,Historical
3029,Spelunky,2012,Multiple,Human,Pixel Art,Fantasy
1161,Tomb Raider: Legend,2006,Female,Human,Realistic,Modern
475,Star Wars: The Force Unleashed,2008,Male,Superhuman,Realistic,Sci-Fi
3097,The Walking Dead: Season Two,2013,Female,Human,Cel-Shaded/Toon Style,Post-Apocalyptic
41,Deus Ex,2000,Male,Superhuman,Realistic,Futuristic
60,The Secret of Monkey Island,1990,Male,Human,Pixel Art,Historical
7601,Plague Inc: Evolved,2015,Unknown,God/Abstract,Stylized,Modern
4969,LEGO The Lord of the Rings,2012,Multiple,Human,Stylized,Fantasy
999,Oddworld: Abe's Oddysee,1997,Male,Creature,Stylized,Sci-Fi
874,Tom Clancy's Splinter Cell: Pandora Tomorrow,2004,Male,Human,Realistic,Modern
9928,Dirt Rally,2015,Unknown,Vehicle,Realistic,Modern
112874,Horizon Forbidden West,2022,Female,Human,Realistic,Post-Apocalyptic
19241,Unravel Two,2018,Unknown,Creature,Stylized,Modern
80,The Witcher,2007,Male,Superhuman,Realistic,Fantasy
1221,Kingdom Hearts II,2005,Male,Human,Anime/Cartoon,Fantasy
654,Company of Heroes,2006,Unknown,God/Abstract,Realistic,Historical
526,Need for Speed: The Run,2011,Male,Human,Realistic,Modern
83731,Beat Saber,2018,Unknown,Human,Stylized,Abstract
16287,Slime Rancher,2017,Female,Human,Stylized,Sci-Fi
1128,Castlevania: Symphony of the Night,1997,Male,Superhuman,Pixel Art,Fantasy
7211,A Story About My Uncle,2014,Male,Human,Stylized,Fantasy
1354,Flower,2009,Unknown,God/Abstract,Stylized,Abstract
3218,Vanquish,2010,Male,Superhuman,Realistic,Sci-Fi
2130,Dust: An Elysian Tail,2012,Male,Animal,Hand-Drawn,Fantasy
1049,Hitman: Contracts,2004,Male,Human,Realistic,Modern
44,Overlord,2007,Male,Superhuman,Stylized,Fantasy
22,System Shock 2,1999,Multiple,Human,Realistic,Sci-Fi
506,Sonic Generations,2011,Male,Animal,Stylized,Fantasy
119161,Need for Speed: Heat,2019,Multiple,Vehicle,Realistic,Modern
846,Red Faction: Guerrilla,2009,Male,Human,Realistic,Sci-Fi
148,Star Wars: Republic Commando,2005,Male,Human,Realistic,Sci-Fi
113598,Deathloop,2021,Male,Superhuman,Stylized,Sci-Fi
490,Duke Nukem Forever,2011,Male,Human,Realistic,Sci-Fi
496,Dead Rising 2,2010,Male,Human,Realistic,Modern
102,Need for Speed: Shift,2009,Unknown,Vehicle,Realistic,Modern
1907,Grim Dawn,2016,Multiple,Custom,Realistic,Fantasy
1163,Tomb Raider: Underworld,2008,Female,Human,Realistic,Modern
1338,Prison Architect,2015,Unknown,God/Abstract,Stylized,Modern
6185,Syberia II,2004,Female,Human,Stylized,Modern
2933,Kingdom Hearts III,2019,Male,Human,Anime/Cartoon,Fantasy
7325,Lara Croft and the Temple of Osiris,2014,Female,Human,Stylized,Historical
152,Star Wars: Jedi Knight II - Jedi Outcast,2002,Male,Superhuman,Realistic,Sci-Fi
7469,Tom Clancy's Splinter Cell: Double Agent,2006,Male,Human,Realistic,Modern
68447,Superliminal,2019,Unknown,Human,Stylized,Abstract
87683,Spyro Reignited Trilogy,2018,Male,Animal,Stylized,Fantasy
8311,Titan Quest,2006,Multiple,Custom,Realistic,Mythological
7886,Crypt of the NecroDancer,2015,Female,Human,Pixel Art,Fantasy
119305,LEGO Star Wars: The Skywalker Saga,2022,Multiple,Human,Stylized,Sci-Fi
83727,Call of Duty: Black Ops 4,2018,Multiple,Human,Realistic,Modern
134606,Demon's Souls,2020,Multiple,Custom,Realistic,Fantasy
626,Carmageddon,1997,Male,Human,Stylized,Futuristic
2263,Gothic 3,2006,Male,Human,Realistic,Fantasy
6705,A Hat in Time,2017,Female,Human,Stylized,Fantasy
426,Final Fantasy III,1994,Male,Human,Pixel Art,Fantasy
152242,A Plague Tale: Requiem,2022,Female,Human,Realistic,Historical
286,Quake II,1997,Male,Human,Realistic,Sci-Fi
11064,Shadow Warrior 2,2016,Male,Human,Realistic,Sci-Fi
3191,Trials Fusion,2014,Unknown,Vehicle,Realistic,Futuristic
133152,Helltaker,2020,Male,Human,Stylized,Fantasy
2291,Thomas Was Alone,2012,Multiple,God/Abstract,Stylized,Abstract
126098,Half-Life: Alyx,2020,Female,Human,Realistic,Sci-Fi
18857,Ruiner,2017,Male,Human,Stylized,Futuristic
126290,Far Cry 6,2021,Multiple,Human,Realistic,Modern
1022,The Legend of Zelda,1986,Male,Superhuman,Pixel Art,Fantasy
5892,The Swapper,2013,Female,Human,Stylized,Sci-Fi
2444,Risen,2009,Male,Human,Realistic,Fantasy
8366,Sniper Elite III,2014,Male,Human,Realistic,Historical
380,Metal Gear Solid 4: Guns of the Patriots,2008,Male,Human,Realistic,Modern
1279,Hearthstone,2014,Multiple,God/Abstract,Stylized,Fantasy
7329,Dead Island 2,2023,Multiple,Human,Realistic,Post-Apocalyptic
858,Serious Sam: The Second Encounter,2002,Male,Human,Realistic,Sci-Fi
1937,Killzone: Shadow Fall,2013,Male,Human,Realistic,Sci-Fi
28380,Darksiders III,2018,Female,Superhuman,Stylized,Fantasy
22704,Orwell: Keeping an Eye on You,2016,Unknown,God/Abstract,Stylized,Futuristic
5574,7 Days to Die,2024,Multiple,Custom,Realistic,Post-Apocalyptic
1990,VVVVVV,2010,Male,Human,Pixel Art,Sci-Fi
1073,Super Mario World 2: Yoshi's Island,1995,Male,Animal,Hand-Drawn,Fantasy
2909,The Legend of Zelda: A Link Between Worlds,2013,Male,Superhuman,Stylized,Fantasy
2956,Audiosurf,2008,Unknown,Vehicle,Stylized,Abstract
1162,Tomb Raider: Anniversary,2007,Female,Human,Realistic,Modern
11059,Naruto Shippuden: Ultimate Ninja Storm 4,2016,Male,Superhuman,Anime/Cartoon,Fantasy
2151,Catherine,2011,Male,Human,Anime/Cartoon,Modern
1036,The Legend of Zelda: Twilight Princess,2006,Male,Superhuman,Stylized,Fantasy
107262,Streets of Rage 4,2020,Multiple,Human,Hand-Drawn,Modern
364,Heroes of Might and Magic III: The Restoration of Erathia,1999,Unknown,God/Abstract,Stylized,Fantasy
293,Sid Meier's Civilization IV,2005,Unknown,God/Abstract,Stylized,Historical
8258,Street Fighter V,2016,Multiple,Selectable,Stylized,Modern
2354,Deadlight,2012,Male,Human,Stylized,Post-Apocalyptic
1805,Crazy Taxi,1999,Multiple,Human,Stylized,Modern
289,Age of Empires,1997,Unknown,God/Abstract,Stylized,Historical
336,Crysis Warhead,2008,Male,Superhuman,Realistic,Sci-Fi
2350,Mario Kart 8,2014,Multiple,Selectable,Stylized,Fantasy
787,Serious Sam II,2005,Male,Human,Stylized,Sci-Fi
1059,Kingdoms of Amalur: Reckoning,2012,Multiple,Custom,Stylized,Fantasy
986,Halo 2,2004,Male,Superhuman,Realistic,Sci-Fi
103261,Just Cause 4,2018,Male,Human,Realistic,Modern
36911,Dragon Ball FighterZ,2018,Multiple,Selectable,Anime/Cartoon,Sci-Fi
10760,Bloodstained: Ritual of the Night,2019,Female,Superhuman,Stylized,Historical
2973,The Lord of the Rings: The Return of the King,2003,Multiple,Human,Realistic,Fantasy
2955,Elite: Dangerous,2014,Multiple,Custom,Realistic,Sci-Fi
3211,Tropico 5,2014,Multiple,God/Abstract,Stylized,Historical
3149,LEGO Harry Potter: Years 1-4,2010,Male,Superhuman,Stylized,Fantasy
3173,Risk of Rain,2013,Multiple,Creature,Pixel Art,Sci-Fi
3189,Project Zomboid,2013,Multiple,Custom,Stylized,Post-Apocalyptic
305152,Clair Obscur: Expedition 33,2025,Multiple,Human,Realistic,Fantasy
2117,DayZ,2018,Multiple,Custom,Realistic,Post-Apocalyptic
124954,Crusader Kings III,2020,Multiple,God/Abstract,Stylized,Historical
488,Kane & Lynch 2: Dog Days,2010,Multiple,Human,Realistic,Modern
19085,Shadow Tactics: Blades of the Shogun,2016,Multiple,Human,Stylized,Historical
19541,State of Decay 2,2018,Multiple,Custom,Realistic,Post-Apocalyptic
132516,Phasmophobia,2020,Multiple,Custom,Realistic,Modern
310,Sid Meier's Civilization III,2001,Unknown,God/Abstract,Stylized,Historical
2595,Tropico 4,2011,Multiple,God/Abstract,Stylized,Modern
1904,Europa Universalis IV,2013,Unknown,God/Abstract,Stylized,Historical
27771,Moonlighter,2018,Male,Human,Pixel Art,Fantasy
102584,Dying Light 2: Stay Human,2022,Male,Human,Realistic,Post-Apocalyptic
13,Fallout: A Post Nuclear Role Playing Game,1997,Multiple,Custom,Stylized,Post-Apocalyptic
2064,Antichamber,2013,Unknown,Human,Stylized,Abstract
2137,The Crew,2014,Male,Human,Realistic,Modern
1529,Jak II,2003,Male,Superhuman,Stylized,Sci-Fi
19545,Observer,2017,Male,Superhuman,Realistic,Futuristic
1833,Dead Island: Riptide,2013,Multiple,Human,Realistic,Post-Apocalyptic
1156,Tomb Raider II,1997,Female,Human,Stylized,Modern
471,Crysis 2,2011,Male,Superhuman,Realistic,Sci-Fi
1042,Just Cause,2006,Male,Human,Realistic,Modern
141533,Loop Hero,2021,Male,Human,Pixel Art,Fantasy
27433,SteamWorld Dig 2,2017,Female,Robot,Stylized,Sci-Fi
27310,We Were Here,2017,Unknown,Human,Realistic,Fantasy
524,Dirt 3,2011,Unknown,Vehicle,Realistic,Modern
18822,Pyre,2017,Multiple,Creature,Hand-Drawn,Fantasy
7032,Kane & Lynch: Dead Men,2007,Multiple,Human,Realistic,Modern
180,Full Throttle,1995,Male,Human,Hand-Drawn,Futuristic
3192,Sonic the Hedgehog,1991,Male,Animal,Pixel Art,Fantasy
1517,Pokemon Emerald Version,2004,Multiple,Human,Pixel Art,Fantasy
2539,Alpha Protocol,2010,Male,Human,Realistic,Modern
6942,Condemned: Criminal Origins,2005,Male,Human,Realistic,Modern
3102,Kerbal Space Program,2015,Unknown,Creature,Stylized,Sci-Fi
4438,Sonic the Hedgehog 2,1992,Male,Animal,Pixel Art,Fantasy
257,"Warhammer 40,000: Dawn of War",2004,Multiple,God/Abstract,Realistic,Sci-Fi
26950,Marvel's Avengers,2020,Multiple,Superhuman,Realistic,Modern
141538,The Callisto Protocol,2022,Male,Human,Realistic,Sci-Fi
560,Aliens vs. Predator,2010,Male,Creature,Realistic,Sci-Fi
144465,Teenage Mutant Ninja Turtles: Shredder's Revenge,2022,Multiple,Creature,Pixel Art,Modern
27082,Raft,2022,Multiple,Custom,Stylized,Modern
2342,Mario Kart 64,1996,Multiple,Selectable,Stylized,Fantasy
6057,Shadow Warrior,2013,Male,Human,Realistic,Fantasy
7767,Mini Metro,2015,Unknown,God/Abstract,Stylized,Modern
1090,Donkey Kong Country,1994,Male,Animal,Pixel Art,Fantasy
4844,LEGO The Hobbit,2014,Multiple,Human,Stylized,Fantasy
14762,Emily is Away,2015,Male,Human,Stylized,Modern
27789,PUBG: Battlegrounds,2017,Multiple,Custom,Realistic,Modern
1561,Pokemon Red Version,1996,Male,Human,Pixel Art,Fantasy
27092,GreedFall,2019,Multiple,Custom,Realistic,Fantasy
14741,Psychonauts 2,2021,Male,Superhuman,Stylized,Modern
18398,Tyranny,2016,Multiple,Custom,Stylized,Fantasy
61,Monkey Island 2: LeChuck's Revenge,1991,Male,Human,Pixel Art,Historical
3251,Super Hexagon,2012,Unknown,God/Abstract,Stylized,Abstract
125,Diablo,1996,Multiple,Custom,Stylized,Fantasy
2538,Enslaved: Odyssey to the West,2010,Male,Human,Stylized,Post-Apocalyptic
13677,Downwell,2015,Male,Human,Pixel Art,Abstract
1628,Super Smash Bros. Brawl,2008,Multiple,Selectable,Stylized,Fantasy
2183,Mario Kart Wii,2008,Multiple,Selectable,Stylized,Fantasy
23733,Tunic,2022,Unknown,Animal,Stylized,Fantasy
133,Warcraft III: The Frozen Throne,2003,Multiple,Superhuman,Stylized,Fantasy
15894,Hearts of Iron IV,2016,Unknown,God/Abstract,Stylized,Historical
137001,Call of Duty: Black Ops Cold War,2020,Multiple,Human,Realistic,Historical
55090,Yakuza Kiwami 2,2017,Male,Human,Realistic,Modern
14748,Ni no Kuni II: Revenant Kingdom,2018,Male,Human,Anime/Cartoon,Fantasy
1408,Metal Slug 3,2000,Multiple,Human,Pixel Art,Modern
6707,Tales from the Borderlands,2014,Multiple,Human,Cel-Shaded/Toon Style,Sci-Fi
480,Silent Hill,1999,Male,Human,Realistic,Modern
2943,Scribblenauts Unlimited,2012,Male,Human,Hand-Drawn,Fantasy
100413,Watch Dogs: Legion,2020,Multiple,Human,Realistic,Futuristic
1244,Tekken 3,1997,Multiple,Selectable,Realistic,Modern
28168,Code Vein,2019,Multiple,Custom,Anime/Cartoon,Post-Apocalyptic
3082,Dear Esther,2012,Male,Human,Realistic,Modern
7858,Sonic Adventure 2,2001,Multiple,Animal,Stylized,Modern
2174,Sonic & All-Stars Racing Transformed,2012,Multiple,Selectable,Stylized,Fantasy
7477,Valkyria Chronicles,2008,Male,Human,Anime/Cartoon,Historical
1067,Super Mario Bros. 2,1988,Multiple,Human,Pixel Art,Fantasy
1052,The Lord of the Rings: War in the North,2011,Multiple,Human,Realistic,Fantasy
11177,Gang Beasts,2017,Unknown,Creature,Stylized,Modern
82117,Two Point Hospital,2018,Unknown,God/Abstract,Stylized,Modern
440,Medieval II: Total War,2006,Unknown,God/Abstract,Realistic,Historical
1559,Pokemon FireRed Version,2004,Multiple,Human,Pixel Art,Fantasy
1363,Little Inferno,2012,Unknown,Human,Stylized,Abstract
119313,Fall Guys,2020,Unknown,Creature,Stylized,Abstract
36198,Children of Morta,2019,Multiple,Human,Pixel Art,Fantasy
819,Grand Theft Auto 2,1999,Male,Human,Stylized,Futuristic
90558,Satisfactory,2024,Multiple,Human,Stylized,Sci-Fi
36550,Yakuza: Like a Dragon,2020,Male,Human,Realistic,Modern
991,Halo 4,2012,Male,Superhuman,Realistic,Sci-Fi
1881,Arma 3,2013,Male,Human,Realistic,Modern
3349,Paper Mario: The Thousand-Year Door,2004,Male,Human,Stylized,Fantasy
7360,Tom Clancy's Rainbow Six Siege X,2015,Multiple,Human,Realistic,Modern
6,Baldur's Gate II: Shadows of Amn,2000,Multiple,Custom,Stylized,Fantasy
466,"Warhammer 40,000: Dawn of War II",2009,Male,Superhuman,Realistic,Sci-Fi
224,The Sims 2,2004,Multiple,Custom,Stylized,Modern
1512,Pokemon Yellow Version: Special Pikachu Edition,1998,Male,Human,Pixel Art,Fantasy
312,Doom II: Hell on Earth,1994,Male,Human,Pixel Art,Sci-Fi
3092,The Lord of the Rings Online,2007,Multiple,Custom,Stylized,Fantasy
119304,Spiritfarer,2020,Female,Human,Hand-Drawn,Fantasy
425,Final Fantasy VIII,1999,Male,Human,Stylized,Sci-Fi
9176,Call of Cthulhu,2018,Male,Human,Realistic,Historical
223,The Sims,2000,Multiple,Custom,Stylized,Modern
114,Star Wars: The Old Republic,2011,Multiple,Custom,Stylized,Sci-Fi
3772,Wreckfest,2018,Unknown,Vehicle,Realistic,Modern
19542,Oxygen Not Included,2019,Multiple,Creature,Stylized,Sci-Fi
6836,LEGO Batman 2: DC Super Heroes,2012,Male,Superhuman,Stylized,Modern
1186,Crash Bandicoot 2: Cortex Strikes Back,1997,Male,Animal,Stylized,Sci-Fi
2021,Mount & Blade,2008,Multiple,Custom,Realistic,Historical
1511,Pokemon Blue Version,1996,Male,Human,Pixel Art,Fantasy
109462,Animal Crossing: New Horizons,2020,Multiple,Custom,Stylized,Modern
126459,Valorant,2020,Multiple,Selectable,Stylized,Futuristic
12515,Pokemon Go,2016,Multiple,Custom,Stylized,Modern
1092,Donkey Kong Country 2: Diddy's Kong Quest,1995,Multiple,Animal,Pixel Art,Fantasy
18812,Tales of Berseria,2016,Female,Superhuman,Anime/Cartoon,Fantasy
959,Command & Conquer: Red Alert 3,2008,Unknown,God/Abstract,Stylized,Sci-Fi
324,Age of Mythology,2002,Unknown,God/Abstract,Stylized,Mythological
35,Dungeon Keeper,1997,Unknown,God/Abstract,Stylized,Fantasy
1081,The Elder Scrolls Online,2014,Multiple,Custom,Realistic,Fantasy
281,Return to Castle Wolfenstein,2001,Male,Human,Realistic,Historical
2272,No More Heroes,2007,Male,Human,Cel-Shaded/Toon Style,Modern
6189,Cave Story,2004,Male,Robot,Pixel Art,Sci-Fi
116200,Back 4 Blood,2021,Multiple,Human,Realistic,Post-Apocalyptic
2332,Super Mario Kart,1992,Multiple,Selectable,Pixel Art,Fantasy
112,Devil May Cry 4,2008,Multiple,Superhuman,Realistic,Fantasy
3601,Space Invaders,1978,Unknown,Vehicle,Pixel Art,Sci-Fi
1192,Crash Team Racing,1999,Multiple,Animal,Stylized,Sci-Fi
36,Dungeon Keeper 2,1999,Unknown,God/Abstract,Stylized,Fantasy
119,Mortal Kombat,2011,Multiple,Selectable,Realistic,Fantasy
125628,Tell Me Why,2020,Multiple,Human,Stylized,Modern
2262,Gothic II,2002,Male,Human,Realistic,Fantasy
2180,Super Mario 3D World,2013,Multiple,Human,Stylized,Fantasy
8259,Tacoma,2017,Female,Human,Stylized,Sci-Fi
2181,Wii Sports,2006,Multiple,Custom,Stylized,Modern
1035,The Legend of Zelda: The Minish Cap,2004,Male,Superhuman,Pixel Art,Fantasy
245,Command & Conquer: Red Alert 2,2000,Unknown,God/Abstract,Stylized,Sci-Fi
1514,Pokemon Crystal Version,2000,Multiple,Human,Pixel Art,Fantasy
157,Star Wars: Dark Forces,1995,Male,Human,Pixel Art,Sci-Fi
1519,Pokemon Platinum Version,2008,Multiple,Human,Pixel Art,Fantasy
184,Indiana Jones and the Fate of Atlantis,1992,Male,Human,Pixel Art,Historical
18829,Planet Coaster,2016,Unknown,God/Abstract,Stylized,Modern
913,Tony Hawk's Pro Skater 2,2000,Multiple,Human,Realistic,Modern
355,Quake III Arena,1999,Multiple,Human,Realistic,Sci-Fi
24,X-COM: UFO Defense,1994,Unknown,God/Abstract,Pixel Art,Modern
1638,GoldenEye 007,1997,Male,Human,Realistic,Modern
832,Planescape: Torment,1999,Male,Superhuman,Stylized,Fantasy
134706,Star Wars: Squadrons,2020,Multiple,Custom,Realistic,Sci-Fi
1513,Pokemon Silver Version,1999,Male,Human,Pixel Art,Fantasy
2345,Mario Kart DS,2005,Multiple,Selectable,Stylized,Fantasy
163,Star Wars: Rogue Squadron,1998,Male,Human,Realistic,Sci-Fi
1928,Indigo Prophecy,2005,Multiple,Human,Realistic,Modern
534,The Legend of Zelda: Skyward Sword,2011,Male,Superhuman,Stylized,Fantasy
2276,The Legend of Zelda: The Wind Waker HD,2013,Male,Superhuman,Cel-Shaded/Toon Style,Fantasy
1558,Pokemon Gold Version,1999,Male,Human,Pixel Art,Fantasy
1341,Beyond Good & Evil,2003,Female,Human,Stylized,Sci-Fi
1520,Pokemon SoulSilver Version,2009,Multiple,Human,Pixel Art,Fantasy
1715,Mega Man 2,1989,Male,Robot,Pixel Art,Sci-Fi
1079,Super Mario 3D Land,2011,Male,Human,Stylized,Fantasy
130,Warcraft II: Tides of Darkness,1995,Unknown,God/Abstract,Pixel Art,Fantasy
2344,Mario Kart: Double Dash!!,2003,Multiple,Selectable,Stylized,Fantasy
17269,Roblox,2006,Multiple,Custom,Low-Poly,Abstract
3186,Street Fighter II,1991,Multiple,Selectable,Pixel Art,Modern
14746,Batman: The Telltale Series,2016,Male,Superhuman,Cel-Shaded/Toon Style,Modern
2671,Guitar Hero III: Legends of Rock,2007,Unknown,Human,Stylized,Modern
136,Devil May Cry 3: Dante's Awakening,2005,Male,Superhuman,Realistic,Fantasy
295,Command & Conquer: Red Alert,1996,Unknown,God/Abstract,Stylized,Sci-Fi
246,Diablo II: Lord of Destruction,2001,Multiple,Custom,Stylized,Fantasy
1521,Pokemon Black Version,2010,Multiple,Human,Pixel Art,Fantasy
2148,Banjo-Kazooie,1998,Male,Animal,Stylized,Fantasy
1576,Spyro the Dragon,1998,Male,Animal,Stylized,Fantasy
523,Infamous,2009,Male,Superhuman,Realistic,Modern
277,Battlefield 2,2005,Male,Human,Realistic,Modern
1557,Pokemon Ruby Version,2002,Multiple,Human,Pixel Art,Fantasy
479,Metal Gear Solid 3: Subsistence,2005,Male,Human,Realistic,Historical
125165,Diablo IV,2023,Multiple,Custom,Realistic,Fantasy
7842,Danganronpa: Trigger Happy Havoc,2010,Male,Human,Anime/Cartoon,Modern
1556,Pokemon HeartGold Version,2009,Multiple,Human,Pixel Art,Fantasy
5,Baldur's Gate,1998,Multiple,Custom,Stylized,Fantasy
2720,Bully,2006,Male,Human,Stylized,Modern
1114,Castlevania,1986,Male,Human,Pixel Art,Fantasy
326,Medal of Honor: Allied Assault,2002,Male,Human,Realistic,Historical
647,Command & Conquer,1995,Unknown,God/Abstract,Stylized,Sci-Fi
2178,New Super Mario Bros. Wii,2009,Male,Human,Stylized,Fantasy
1,Thief II: The Metal Age,2000,Male,Human,Realistic,Fantasy
9602,Super Smash Bros. for Wii U,2014,Multiple,Selectable,Stylized,Fantasy
1560,Pokemon Diamond Version,2006,Multiple,Human,Pixel Art,Fantasy
96437,Starfield,2023,Multiple,Custom,Realistic,Sci-Fi
19000,The Walking Dead: A New Frontier,2016,Male,Human,Cel-Shaded/Toon Style,Post-Apocalyptic
521,Fable,2004,Male,Human,Stylized,Fantasy
1619,Mortal Kombat II,1993,Multiple,Selectable,Pixel Art,Fantasy
62,The Curse of Monkey Island,1997,Male,Human,Hand-Drawn,Historical
2287,Pokemon Y,2013,Multiple,Human,Stylized,Fantasy
1528,Jak and Daxter: The Precursor Legacy,2001,Male,Human,Stylized,Sci-Fi
398,Final Fantasy XII,2006,Male,Human,Stylized,Fantasy
251833,Balatro,2024,Unknown,God/Abstract,Stylized,Abstract
949,Call of Duty 3,2006,Male,Human,Realistic,Historical
1183,Guild Wars 2,2012,Multiple,Custom,Stylized,Fantasy
438,Rome: Total War,2004,Unknown,God/Abstract,Realistic,Historical
294041,Marvel Rivals,2024,Multiple,Superhuman,Stylized,Modern
26845,Fire Emblem: Three Houses,2019,Multiple,Human,Anime/Cartoon,Fantasy
284,Wolfenstein 3D,1992,Male,Human,Pixel Art,Historical
242408,Counter-Strike 2,2023,Male,Human,Realistic,Modern
1426,Phoenix Wright: Ace Attorney,2005,Male,Human,Anime/Cartoon,Modern
552,God of War: Chains of Olympus,2008,Male,Superhuman,Realistic,Mythological
2844,The Simpsons: Hit & Run,2003,Multiple,Human,Anime/Cartoon,Modern
7313,Heroes of the Storm,2015,Multiple,Superhuman,Stylized,Fantasy
2286,Pokemon X,2013,Multiple,Human,Stylized,Fantasy
1515,Pokemon Sapphire Version,2002,Multiple,Human,Pixel Art,Fantasy
37382,Pokemon Sword,2019,Multiple,Human,Stylized,Fantasy
134597,Astro's Playroom,2020,Male,Robot,Stylized,Sci-Fi
127044,Marvel's Spider-Man 2,2023,Multiple,Superhuman,Realistic,Modern
148241,Lies of P,2023,Male,Robot,Realistic,Historical
1741,Mega Man X,1993,Male,Robot,Pixel Art,Sci-Fi
1025,Zelda II: The Adventure of Link,1987,Male,Superhuman,Pixel Art,Fantasy
1618,Mortal Kombat,1992,Multiple,Selectable,Pixel Art,Fantasy
3603,Spider-Man,2000,Male,Superhuman,Stylized,Modern
115284,The Legend of Zelda: Link's Awakening,2019,Male,Superhuman,Stylized,Fantasy
457,StarCraft II: Heart of the Swarm,2013,Female,Superhuman,Stylized,Sci-Fi
116753,A Short Hike,2019,Female,Animal,Pixel Art,Modern
7194,Steins;Gate,2009,Male,Human,Anime/Cartoon,Sci-Fi
7170,Ico,2001,Male,Human,Stylized,Fantasy
3941,Harry Potter and the Chamber of Secrets,2002,Male,Superhuman,Stylized,Fantasy
1714,Mega Man,1987,Male,Robot,Pixel Art,Sci-Fi
1594,Gran Turismo,1997,Unknown,Vehicle,Realistic,Modern
228,World of Warcraft: Wrath of the Lich King,2008,Multiple,Custom,Stylized,Fantasy
2289,Pokemon Stadium,1999,Unknown,Creature,Stylized,Fantasy
15536,Escape from Tarkov,2025,Male,Human,Realistic,Modern
6797,Sonic the Hedgehog 3,1994,Multiple,Animal,Pixel Art,Fantasy
1107,Metroid: Zero Mission,2004,Female,Superhuman,Pixel Art,Sci-Fi
341,Harry Potter and the Sorcerer's Stone,2001,Male,Superhuman,Stylized,Fantasy
250616,Helldivers 2,2024,Multiple,Custom,Realistic,Sci-Fi
6250,Trine 2,2011,Multiple,Human,Stylized,Fantasy
1404,Metal Slug,1996,Multiple,Human,Pixel Art,Modern
515,Infamous 2,2011,Male,Superhuman,Realistic,Modern
914,Tony Hawk's Pro Skater 3,2001,Multiple,Human,Realistic,Modern
272,Unreal Tournament,1999,Multiple,Human,Realistic,Sci-Fi
1037,The Legend of Zelda: Phantom Hourglass,2007,Male,Superhuman,Cel-Shaded/Toon Style,Fantasy
483,Silent Hill 4: The Room,2004,Male,Human,Realistic,Modern
185246,Alan Wake II,2023,Multiple,Human,Realistic,Modern
227,World of Warcraft: The Burning Crusade,2007,Multiple,Custom,Stylized,Fantasy
227211,S.T.A.L.K.E.R. G.A.M.M.A.,2018,Male,Human,Realistic,Post-Apocalyptic
456,StarCraft: Brood War,1998,Multiple,God/Abstract,Stylized,Sci-Fi
1522,Pokemon White Version,2010,Multiple,Human,Pixel Art,Fantasy
95,Need for Speed: Hot Pursuit 2,2002,Unknown,Vehicle,Realistic,Modern
1516,Pokemon LeafGreen Version,2004,Multiple,Human,Pixel Art,Fantasy
2349,Mario Kart 7,2011,Multiple,Selectable,Stylized,Fantasy
522,Fable II,2008,Multiple,Human,Stylized,Fantasy
1246,Tekken 5,2004,Multiple,Selectable,Realistic,Modern
240,Battlefield 1942,2002,Male,Human,Realistic,Historical
1058,LittleBigPlanet,2008,Male,Creature,Stylized,Fantasy
2591,Star Fox 64,1997,Male,Animal,Stylized,Sci-Fi
214417,The Finals,2023,Multiple,Custom,Realistic,Modern
2254,Dragon Ball Z: Budokai Tenkaichi 3,2007,Multiple,Selectable,Anime/Cartoon,Sci-Fi
1443,Fire Emblem Awakening,2012,Multiple,Human,Anime/Cartoon,Fantasy
92,Need for Speed III: Hot Pursuit,1998,Unknown,Vehicle,Realistic,Modern
7574,FIFA 15,2014,Male,Human,Realistic,Modern
3015,The Walking Dead: 400 Days,2013,Multiple,Human,Cel-Shaded/Toon Style,Post-Apocalyptic
2750,Pac-Man,1980,Male,Creature,Pixel Art,Abstract
201156,Star Wars Jedi: Survivor,2023,Male,Superhuman,Realistic,Sci-Fi
569,Wolfenstein,2009,Male,Human,Realistic,Historical
571,Singularity,2010,Male,Human,Realistic,Sci-Fi
3340,Paper Mario,2000,Male,Human,Stylized,Fantasy
2920,FIFA 14,2013,Male,Human,Realistic,Modern
6285,Spider-Man 2,2004,Male,Superhuman,Stylized,Modern
2738,LEGO Batman: The Videogame,2008,Male,Superhuman,Stylized,Modern
2485,Luigi's Mansion,2001,Male,Human,Stylized,Fantasy
2687,Animal Crossing: New Leaf,2012,Multiple,Custom,Stylized,Modern
385,Final Fantasy,1987,Multiple,Custom,Pixel Art,Fantasy
51524,The Walking Dead: The Final Season,2018,Female,Human,Cel-Shaded/Toon Style,Post-Apocalyptic
550,God of War: Ghost of Sparta,2010,Male,Superhuman,Realistic,Mythological
6803,Halo 5: Guardians,2015,Male,Superhuman,Realistic,Sci-Fi
9694,Danganronpa 2: Goodbye Despair,2012,Male,Human,Anime/Cartoon,Modern
1271,Ōkami,2006,Female,God/Abstract,Hand-Drawn,Mythological
370,Heroes of Might and Magic V,2006,Unknown,God/Abstract,Stylized,Fantasy
902,Sid Meier's Civilization,1991,Unknown,God/Abstract,Pixel Art,Historical
1291,God of War: Ascension,2013,Male,Superhuman,Realistic,Mythological
18099,Pokemon Moon,2016,Multiple,Human,Stylized,Fantasy
3155,The Lord of the Rings: The Battle for Middle-earth II,2006,Unknown,God/Abstract,Realistic,Fantasy
13212,The Beginner's Guide,2015,Male,Human,Stylized,Abstract
2115,Titanfall,2014,Multiple,Human,Realistic,Sci-Fi
649,Command & Conquer: Generals,2003,Unknown,God/Abstract,Realistic,Modern
2324,Pokemon Snap,1999,Male,Human,Stylized,Fantasy
202956,Wuthering Waves,2024,Multiple,Superhuman,Anime/Cartoon,Sci-Fi
1094,Donkey Kong Country 3: Dixie Kong's Double Trouble!,1996,Multiple,Animal,Pixel Art,Fantasy
151665,Palworld,2024,Multiple,Custom,Stylized,Fantasy
3154,The Lord of the Rings: The Battle for Middle-earth,2004,Unknown,God/Abstract,Realistic,Fantasy
6692,Tony Hawk's Pro Skater,1999,Multiple,Human,Realistic,Modern
18100,Pokemon Sun,2016,Multiple,Human,Stylized,Fantasy
3166,The Lion King,1994,Male,Animal,Pixel Art,Modern
1101,Metroid,1987,Female,Superhuman,Pixel Art,Sci-Fi
6897,Pokemon Omega Ruby,2014,Multiple,Human,Stylized,Fantasy
2135,Bayonetta 2,2014,Female,Superhuman,Stylized,Fantasy
2035,Angry Birds,2009,Male,Animal,Stylized,Modern
491,Castlevania: Lords of Shadow,2010,Male,Human,Realistic,Fantasy
2741,Duck Hunt,1984,Male,Human,Pixel Art,Modern
1971,Manhunt,2003,Male,Human,Realistic,Modern
1028,The Legend of Zelda: Link's Awakening,1993,Male,Superhuman,Pixel Art,Fantasy
386,Final Fantasy XIV Online,2013,Multiple,Custom,Stylized,Fantasy
5418,Super Mario RPG: Legend of the Seven Stars,1996,Male,Human,Stylized,Fantasy
1134,Castlevania: Aria of Sorrow,2003,Male,Superhuman,Pixel Art,Fantasy
11642,Geometry Dash,2013,Unknown,God/Abstract,Stylized,Abstract
115843,Unpacking,2021,Female,Human,Pixel Art,Modern
11625,The Room,2012,Unknown,Human,Realistic,Modern
2640,Halo: Combat Evolved Anniversary,2011,Male,Superhuman,Realistic,Sci-Fi
382,Metal Gear Solid: Peace Walker,2010,Male,Human,Stylized,Historical
356,Quake 4,2005,Male,Human,Realistic,Sci-Fi
135,Devil May Cry 2,2003,Multiple,Superhuman,Realistic,Fantasy
1620,Mortal Kombat 3,1995,Multiple,Selectable,Pixel Art,Fantasy
4156,Sonic Heroes,2003,Multiple,Animal,Stylized,Fantasy
675,Driver,1999,Male,Human,Realistic,Modern
189,LEGO Indiana Jones: The Original Adventures,2008,Male,Human,Stylized,Historical
115653,Pokemon Shield,2019,Multiple,Human,Stylized,Fantasy
11071,FIFA 16,2015,Male,Human,Realistic,Modern
185258,ARC Raiders,2025,Multiple,Human,Realistic,Sci-Fi
1624,Theme Hospital,1997,Unknown,God/Abstract,Stylized,Modern
1518,Pokemon Pearl Version,2006,Multiple,Human,Pixel Art,Fantasy
16612,Twelve Minutes,2021,Male,Human,Stylized,Modern
6958,Dante's Inferno,2010,Male,Superhuman,Realistic,Mythological
5761,Burnout 3: Takedown,2004,Unknown,Vehicle,Realistic,Modern
5565,Golden Axe,1989,Multiple,Human,Pixel Art,Fantasy
254,RollerCoaster Tycoon,1999,Unknown,God/Abstract,Stylized,Modern
6898,Pokemon Alpha Sapphire,2014,Multiple,Human,Stylized,Fantasy
879,Commandos: Behind Enemy Lines,1998,Male,Human,Stylized,Historical
215769,Cyberpunk 2077: Phantom Liberty,2023,Multiple,Custom,Realistic,Futuristic
3480,Earthworm Jim,1994,Male,Animal,Hand-Drawn,Sci-Fi
1275,SimCity 4,2003,Unknown,God/Abstract,Stylized,Modern
96209,FIFA 19,2018,Male,Human,Realistic,Modern
8900,Monument Valley,2014,Female,Human,Stylized,Abstract
1577,Spyro 2: Ripto's Rage!,1999,Male,Animal,Stylized,Fantasy
2153,FIFA Soccer 13,2012,Male,Human,Realistic,Modern
165351,Cult of the Lamb,2022,Unknown,Animal,Hand-Drawn,Fantasy
1963,Rayman,1995,Male,Creature,Hand-Drawn,Fantasy
3012,Osu!,2007,Unknown,God/Abstract,Anime/Cartoon,Abstract
1578,Spyro: Year of the Dragon,2000,Male,Animal,Stylized,Fantasy
194404,The Quarry,2022,Multiple,Human,Realistic,Modern
1597,Gran Turismo 2,1999,Unknown,Vehicle,Realistic,Modern
3216,Secret of Mana,1993,Male,Human,Pixel Art,Fantasy
1919,Deadpool,2013,Male,Superhuman,Realistic,Modern
1086,Donkey Kong,1981,Male,Human,Pixel Art,Modern
1652,Streets of Rage,1991,Multiple,Human,Pixel Art,Modern
55080,Donut County,2018,Male,God/Abstract,Stylized,Modern
330,SimCity 2000,1993,Unknown,God/Abstract,Pixel Art,Modern
7860,Sonic Adventure,1998,Multiple,Animal,Stylized,Modern
109455,Luigi's Mansion 3,2019,Male,Human,Stylized,Fantasy
134588,Kena: Bridge of Spirits,2021,Female,Superhuman,Stylized,Fantasy
164867,Dredge,2023,Male,Human,Stylized,Fantasy
229,World of Warcraft: Cataclysm,2010,Multiple,Custom,Stylized,Fantasy
190,LEGO Star Wars II: The Original Trilogy,2006,Multiple,Human,Stylized,Sci-Fi
1864,Ni no Kuni: Wrath of the White Witch,2011,Male,Human,Anime/Cartoon,Fantasy
927,Unreal Tournament 2004,2004,Multiple,Human,Realistic,Sci-Fi
843,Rayman 2: The Great Escape,1999,Male,Creature,Stylized,Fantasy
11204,The Walking Dead: Michonne,2016,Female,Human,Cel-Shaded/Toon Style,Post-Apocalyptic
2182,Wii Sports Resort,2009,Multiple,Custom,Stylized,Modern
1622,Mortal Kombat 4,1997,Multiple,Selectable,Stylized,Fantasy
965,Stronghold,2001,Unknown,God/Abstract,Stylized,Historical
1530,Jak 3,2004,Male,Superhuman,Stylized,Sci-Fi
9331,Worms,1995,Unknown,Creature,Stylized,Modern
4348,Out of This World,1991,Male,Human,Stylized,Sci-Fi
1071,Super Mario Land 2: 6 Golden Coins,1992,Male,Human,Pixel Art,Fantasy
76747,Atomic Heart,2023,Male,Human,Realistic,Sci-Fi
154,Star Wars: Episode I - Racer,1999,Multiple,Creature,Stylized,Sci-Fi
144054,Pokemon Legends: Arceus,2022,Multiple,Human,Stylized,Fantasy
16587,Final Fantasy IV,1991,Male,Human,Pixel Art,Fantasy
3476,Dr. Mario,1990,Male,Human,Pixel Art,Abstract
12579,Danganronpa V3: Killing Harmony,2017,Male,Human,Anime/Cartoon,Sci-Fi
15698,Metroid Dread,2021,Female,Superhuman,Stylized,Sci-Fi
458,StarCraft II: Legacy of the Void,2015,Male,Creature,Stylized,Sci-Fi
136879,Black Myth: Wukong,2024,Male,Superhuman,Realistic,Mythological
1243,Tekken 2,1995,Multiple,Selectable,Realistic,Modern
115276,Super Mario Maker 2,2019,Male,Human,Stylized,Fantasy
141540,Disco Elysium: The Final Cut,2021,Male,Human,Hand-Drawn,Sci-Fi
1716,Mega Man 3,1990,Male,Robot,Pixel Art,Sci-Fi
321,Command & Conquer 3: Tiberium Wars,2007,Unknown,God/Abstract,Realistic,Sci-Fi
413,Final Fantasy X-2,2003,Female,Human,Stylized,Fantasy
5589,Clash of Clans,2012,Multiple,God/Abstract,Stylized,Fantasy
15108,Resident Evil 0,2016,Multiple,Human,Realistic,Post-Apocalyptic
26761,Splatoon 2,2017,Multiple,Creature,Stylized,Sci-Fi
134595,Hitman 3,2021,Male,Human,Realistic,Modern
9543,"Nine Hours, Nine Persons, Nine Doors",2009,Male,Human,Anime/Cartoon,Modern
624,Call of Duty: United Offensive,2004,Male,Human,Realistic,Historical
3717,Kirby's Adventure,1993,Male,Creature,Pixel Art,Fantasy
895,The Longest Journey,1999,Female,Human,Stylized,Sci-Fi
9475,Sonic & Knuckles,1994,Multiple,Animal,Pixel Art,Fantasy
1773,Ratchet & Clank: Up Your Arsenal,2004,Male,Creature,Stylized,Sci-Fi
2359,Total War: Rome II,2013,Unknown,God/Abstract,Realistic,Historical
142415,Indiana Jones and the Great Circle,2024,Male,Human,Realistic,Historical
1397,Professor Layton and the Curious Village,2007,Male,Human,Anime/Cartoon,Modern
2002,Banished,2014,Unknown,God/Abstract,Stylized,Historical
1032,The Legend of Zelda: Oracle of Seasons,2001,Male,Superhuman,Pixel Art,Fantasy
2473,Disney's Aladdin,1993,Male,Human,Pixel Art,Historical
1427,Phoenix Wright: Ace Attorney - Justice for All,2006,Male,Human,Anime/Cartoon,Modern
1108,Metroid Prime 2: Echoes,2004,Female,Superhuman,Realistic,Sci-Fi
367,Heroes of Might and Magic IV,2002,Unknown,God/Abstract,Stylized,Fantasy
213639,My Hero Ultra Rumble,2023,Multiple,Selectable,Anime/Cartoon,Modern
51820,Heroes of Might and Magic III: Complete,2000,Unknown,God/Abstract,Stylized,Fantasy
15707,Clash Royale,2016,Multiple,God/Abstract,Stylized,Fantasy
3351,Mario & Luigi: Superstar Saga,2003,Male,Human,Pixel Art,Fantasy
1124,Super Castlevania IV,1991,Male,Human,Pixel Art,Fantasy
9621,Super Smash Bros. for Nintendo 3DS,2014,Multiple,Selectable,Stylized,Fantasy
26766,Xenoblade Chronicles 2,2017,Male,Human,Anime/Cartoon,Sci-Fi
848,Rise of Nations,2003,Unknown,God/Abstract,Stylized,Historical
1653,Streets of Rage 2,1992,Multiple,Human,Pixel Art,Modern
1027,The Legend of Zelda: Link's Awakening DX,1998,Male,Superhuman,Pixel Art,Fantasy
8284,Pokemon Black Version 2,2012,Multiple,Human,Pixel Art,Fantasy
1038,The Legend of Zelda: Spirit Tracks,2009,Male,Superhuman,Cel-Shaded/Toon Style,Fantasy
616,Circle of Blood,1996,Male,Human,Hand-Drawn,Historical
91,Need for Speed II,1997,Unknown,Vehicle,Realistic,Modern
1565,SoulCalibur II,2002,Multiple,Selectable,Realistic,Historical
428,Final Fantasy Tactics,1997,Male,Human,Pixel Art,Fantasy
1195,Crash Bash,2000,Multiple,Animal,Stylized,Sci-Fi
19539,Forza Horizon 3,2016,Multiple,Vehicle,Realistic,Modern
4838,Guacamelee!,2013,Male,Human,Stylized,Mythological
2723,Diddy Kong Racing,1997,Multiple,Animal,Stylized,Fantasy
7405,Everybody's Gone to the Rapture,2015,Unknown,Human,Realistic,Modern
76638,Baba Is You,2019,Unknown,Creature,Pixel Art,Abstract
1428,Phoenix Wright: Ace Attorney - Trials and Tribulations,2007,Male,Human,Anime/Cartoon,Modern
212089,Lethal Company,2023,Multiple,Custom,Stylized,Sci-Fi
1245,Tekken 4,2001,Multiple,Selectable,Realistic,Modern
1157,Tomb Raider III: Adventures of Lara Croft,1998,Female,Human,Stylized,Modern
144022,Sifu,2022,Male,Superhuman,Stylized,Modern
31551,Final Fantasy XVI,2023,Male,Human,Realistic,Fantasy
2191,Super Paper Mario,2007,Male,Human,Stylized,Fantasy
3490,F-Zero,1990,Multiple,Human,Pixel Art,Futuristic
1770,Ratchet & Clank: Going Commando,2003,Male,Creature,Stylized,Sci-Fi
325609,Dispatch,2025,Unknown,God/Abstract,Stylized,Modern
71628,The Messenger,2018,Male,Human,Pixel Art,Fantasy
131999,NieR Replicant ver.1.22474487139...,2021,Male,Human,Stylized,Post-Apocalyptic
236,Myst,1993,Unknown,Human,Realistic,Fantasy
1100,Donkey Kong Country Returns,2010,Male,Animal,Stylized,Fantasy
3943,Harry Potter and the Prisoner of Azkaban,2004,Male,Superhuman,Stylized,Fantasy
9604,TagPro,2013,Unknown,God/Abstract,Stylized,Abstract
28414,Mario + Rabbids Kingdom Battle,2017,Multiple,Human,Stylized,Fantasy
2171,New Super Mario Bros. U,2012,Male,Human,Stylized,Fantasy
884,Street Fighter IV,2008,Multiple,Selectable,Stylized,Modern
2698,Tony Hawk's Underground,2003,Multiple,Human,Realistic,Modern
1063,Kirby's Dream Land,1992,Male,Creature,Pixel Art,Fantasy
1332,World of Warcraft: Mists of Pandaria,2012,Multiple,Custom,Stylized,Fantasy
2327,Mario Party,1998,Multiple,Selectable,Stylized,Fantasy
1096,Donkey Kong 64,1999,Multiple,Animal,Stylized,Fantasy
8593,The Legend of Zelda: Majora's Mask 3D,2015,Male,Superhuman,Stylized,Fantasy
204618,High on Life,2022,Male,Human,Stylized,Sci-Fi
1188,Crash Bandicoot: The Wrath of Cortex,2001,Male,Animal,Stylized,Sci-Fi
125642,Path of Exile 2,2024,Multiple,Custom,Realistic,Fantasy
119308,Ghostwire: Tokyo,2022,Male,Superhuman,Realistic,Modern
2343,Mario Kart: Super Circuit,2001,Multiple,Selectable,Pixel Art,Fantasy
90055,Carrion,2020,Unknown,Creature,Pixel Art,Sci-Fi
7618,Never Alone: Kisima Ingitchuna,2014,Female,Human,Stylized,Historical
1407,Metal Slug 2,1998,Multiple,Human,Pixel Art,Modern
3735,Red Dead Redemption: Undead Nightmare,2010,Male,Human,Realistic,Historical
653,Commandos 2: Men of Courage,2001,Male,Human,Stylized,Historical
4122,Legacy of Kain: Soul Reaver,1999,Male,Superhuman,Stylized,Fantasy
8353,Pokemon White Version 2,2012,Multiple,Human,Pixel Art,Fantasy
3683,Mother 3,2006,Male,Human,Pixel Art,Fantasy
107300,Thronebreaker: The Witcher Tales,2018,Female,Human,Hand-Drawn,Fantasy
2239,Pikmin,2001,Male,Creature,Stylized,Sci-Fi
964,Stronghold Crusader,2002,Unknown,God/Abstract,Stylized,Historical
2,Thief: The Dark Project,1998,Male,Human,Realistic,Fantasy
2290,Pokemon Stadium 2,2000,Unknown,Creature,Stylized,Fantasy
134584,Returnal,2021,Female,Human,Realistic,Sci-Fi
5541,Sherlock Holmes: Crimes & Punishments,2014,Male,Human,Realistic,Historical
554,Driver: San Francisco,2011,Male,Human,Realistic,Modern
3171,The Saboteur,2009,Male,Human,Realistic,Historical
1310,Medal of Honor: Pacific Assault,2004,Male,Human,Realistic,Historical
915,Tony Hawk's Pro Skater 4,2002,Multiple,Human,Realistic,Modern
1463,Perfect Dark,2000,Female,Human,Realistic,Sci-Fi
145099,Death's Door,2021,Unknown,Animal,Stylized,Fantasy
1247,Tekken 6,2007,Multiple,Selectable,Realistic,Modern
325594,Split Fiction,2025,Female,Human,Stylized,Sci-Fi
6487,Disney's DuckTales,1989,Male,Animal,Pixel Art,Modern
634,Sid Meier's Civilization II,1996,Unknown,God/Abstract,Pixel Art,Historical
485,Silent Hill: Homecoming,2008,Male,Human,Realistic,Modern
26673,Omori,2020,Male,Human,Hand-Drawn,Fantasy
4600,Excitebike,1984,Unknown,Vehicle,Pixel Art,Modern
3418,Banjo-Tooie,2000,Male,Animal,Stylized,Fantasy
302156,Call of Duty: Black Ops 6,2024,Male,Human,Realistic,Historical
9136,Gorogoa,2017,Male,Human,Hand-Drawn,Fantasy
2670,Guitar Hero II,2006,Unknown,Human,Stylized,Modern
1961,Dreamfall: The Longest Journey,2006,Multiple,Human,Stylized,Sci-Fi
1798,Sly Cooper and the Thievius Raccoonus,2002,Male,Animal,Cel-Shaded/Toon Style,Modern
178282,Honkai: Star Rail,2023,Multiple,Superhuman,Anime/Cartoon,Sci-Fi
9814,Disney's Hercules Action Game,1997,Male,Superhuman,Pixel Art,Mythological
4999,Marvel: Ultimate Alliance,2006,Multiple,Superhuman,Stylized,Modern
114287,FIFA 20,2019,Male,Human,Realistic,Modern
233585,Hi-Fi Rush,2023,Male,Superhuman,Cel-Shaded/Toon Style,Futuristic
2699,Tony Hawk's Underground 2,2004,Multiple,Human,Realistic,Modern
340,Command & Conquer: Tiberian Sun,1999,Unknown,God/Abstract,Stylized,Sci-Fi
129,Warcraft: Orcs & Humans,1994,Unknown,God/Abstract,Pixel Art,Fantasy
127342,Senua's Saga: Hellblade II,2024,Female,Human,Realistic,Mythological
5452,Sonic CD,1993,Male,Animal,Pixel Art,Sci-Fi
1601,Gran Turismo 4,2004,Unknown,Vehicle,Realistic,Modern
8499,Five Nights at Freddy's,2014,Male,Human,Stylized,Modern
51525,Batman: The Enemy Within,2017,Male,Superhuman,Cel-Shaded/Toon Style,Modern
474,Metal Gear Solid 2: Substance,2002,Multiple,Human,Realistic,Modern
14697,Teenage Mutant Ninja Turtles IV: Turtles in Time,1992,Multiple,Creature,Pixel Art,Modern
2140,LittleBigPlanet 2,2011,Male,Creature,Stylized,Fantasy
6787,Double Dragon,1987,Multiple,Human,Pixel Art,Modern
3027,Dino Crisis,1999,Female,Human,Realistic,Sci-Fi
4239,Lemmings,1991,Unknown,Creature,Pixel Art,Abstract
1150,Broken Sword: The Smoking Mirror,1997,Male,Human,Hand-Drawn,Historical
1080,New Super Mario Bros. 2,2012,Male,Human,Stylized,Fantasy
331,RollerCoaster Tycoon 2,2002,Unknown,God/Abstract,Stylized,Modern
8581,Star Fox,1993,Male,Animal,Low-Poly,Sci-Fi
203722,Dave the Diver,2023,Male,Human,Pixel Art,Modern
3132,Neighbours from Hell,2003,Male,Human,Anime/Cartoon,Modern
1224,Kingdom Hearts Birth by Sleep,2010,Multiple,Human,Anime/Cartoon,Fantasy
1866,Killzone 2,2009,Male,Human,Realistic,Sci-Fi
298526,Kingdom Come: Deliverance II,2025,Male,Human,Realistic,Historical
11270,The Cat Lady,2012,Female,Human,Hand-Drawn,Modern
11219,Sonic the Hedgehog 3 & Knuckles,1994,Multiple,Animal,Pixel Art,Fantasy
237,SimCity 3000,1999,Unknown,God/Abstract,Stylized,Modern
441,Empire: Total War,2009,Unknown,God/Abstract,Realistic,Historical
4132,Dino Crisis 2,2000,Multiple,Human,Realistic,Sci-Fi
2159,Race Driver: Grid,2008,Unknown,Vehicle,Realistic,Modern
1742,Mega Man X2,1994,Male,Robot,Pixel Art,Sci-Fi
3157,World of Warcraft: Warlords of Draenor,2014,Multiple,Custom,Stylized,Fantasy
1003,Enter the Matrix,2003,Multiple,Superhuman,Realistic,Sci-Fi
2923,Donkey Kong Country: Tropical Freeze,2014,Multiple,Animal,Stylized,Fantasy
14647,Bloodborne: The Old Hunters,2015,Multiple,Custom,Realistic,Fantasy
26765,Octopath Traveler,2018,Multiple,Human,Pixel Art,Fantasy
2645,Animal Crossing: Wild World,2005,Multiple,Custom,Stylized,Modern
202,Sam & Max Hit the Road,1993,Multiple,Animal,Hand-Drawn,Modern
1119,Castlevania III: Dracula's Curse,1990,Male,Human,Pixel Art,Fantasy
7408,Dragon Ball: Xenoverse,2015,Multiple,Custom,Anime/Cartoon,Sci-Fi
7291,Hunt: Showdown 1896,2019,Multiple,Human,Realistic,Historical
102873,"Pokemon: Let's Go, Eevee!",2018,Multiple,Human,Stylized,Fantasy
828,Painkiller,2004,Male,Human,Realistic,Fantasy
337,American McGee's Alice,2000,Female,Human,Stylized,Fantasy
662,Dawn of Discovery,2009,Unknown,God/Abstract,Stylized,Historical
8652,Axiom Verge,2015,Male,Human,Pixel Art,Sci-Fi
7335,Splatoon,2015,Multiple,Creature,Stylized,Sci-Fi
473,Battlefield: Bad Company,2008,Male,Human,Realistic,Modern
6273,Red Faction,2001,Male,Human,Realistic,Sci-Fi
63,Escape from Monkey Island,2000,Male,Human,Stylized,Historical
339,The Orange Box,2007,Male,Human,Stylized,Sci-Fi
3049,State of Decay,2013,Multiple,Human,Realistic,Post-Apocalyptic
1795,Ratchet & Clank Future: A Crack in Time,2009,Male,Creature,Stylized,Sci-Fi
1602,Gran Turismo 5,2010,Unknown,Vehicle,Realistic,Modern
1853,Tom Clancy's Rainbow Six: Vegas 2,2008,Multiple,Custom,Realistic,Modern
250,The Chronicles of Riddick: Escape from Butcher Bay,2004,Male,Human,Realistic,Sci-Fi
214,Neverwinter Nights 2,2006,Multiple,Custom,Stylized,Fantasy
1799,Sly 2: Band of Thieves,2004,Male,Animal,Cel-Shaded/Toon Style,Modern
316,SWAT 4,2005,Male,Human,Realistic,Modern
1158,Tomb Raider: The Last Revelation,1999,Female,Human,Stylized,Historical
2946,FIFA Soccer 12,2011,Male,Human,Realistic,Modern
15734,Pony Island,2016,Unknown,Human,Pixel Art,Abstract
9223,Outlast: Whistleblower,2014,Male,Human,Realistic,Modern
414,Final Fantasy Tactics Advance,2003,Male,Human,Pixel Art,Fantasy
103380,Bloons TD 6,2018,Unknown,Animal,Stylized,Modern
2655,Animal Crossing,2002,Multiple,Custom,Stylized,Modern
642,Colin McRae Rally 2.0,2000,Unknown,Vehicle,Realistic,Modern
3942,Harry Potter and the Goblet of Fire,2005,Male,Superhuman,Stylized,Fantasy
6294,Worms World Party,2001,Unknown,Creature,Stylized,Modern
302,Empire Earth,2001,Unknown,God/Abstract,Stylized,Historical
110474,Minecraft Dungeons,2020,Multiple,Custom,Voxel,Fantasy
11593,World of Warcraft: Legion,2016,Multiple,Custom,Stylized,Fantasy
11437,Persona 3 FES,2007,Male,Human,Anime/Cartoon,Modern
9655,HuniePop,2015,Male,Human,Anime/Cartoon,Modern
1655,Final Fight,1989,Multiple,Human,Pixel Art,Modern
1217,Shenmue,1999,Male,Human,Realistic,Historical
25877,"Pokemon: Let's Go, Pikachu!",2018,Multiple,Human,Stylized,Fantasy
15465,VA-11 Hall-A: Cyberpunk Bartender Action,2016,Female,Human,Pixel Art,Futuristic
103244,Signalis,2022,Female,Robot,Pixel Art,Sci-Fi
103320,The Forgotten City,2021,Multiple,Human,Realistic,Historical
2965,The Lord of the Rings: The Two Towers,2002,Multiple,Human,Realistic,Fantasy
1744,Mega Man X4,1997,Male,Robot,Pixel Art,Sci-Fi
2970,Battletoads,1991,Multiple,Creature,Pixel Art,Sci-Fi
2328,Mario Party 2,1999,Multiple,Selectable,Stylized,Fantasy
1286,Conker's Bad Fur Day,2001,Male,Animal,Stylized,Fantasy
1116,Castlevania II: Simon's Quest,1987,Male,Human,Pixel Art,Fantasy
133308,The Medium,2021,Female,Superhuman,Realistic,Modern
1867,Killzone 3,2011,Male,Human,Realistic,Sci-Fi
9608,Mount & Blade II: Bannerlord,2020,Multiple,Custom,Realistic,Historical
1172,Golden Sun,2001,Male,Human,Pixel Art,Fantasy
4000,MediEvil,1998,Male,Creature,Stylized,Fantasy
36950,Anthem,2019,Multiple,Custom,Realistic,Sci-Fi
3047,Forza Horizon,2012,Male,Vehicle,Realistic,Modern
988,Halo Wars,2009,Male,God/Abstract,Realistic,Sci-Fi
19817,Scorn,2022,Unknown,Creature,Realistic,Sci-Fi
4567,Pokemon Trading Card Game,1998,Male,Human,Pixel Art,Fantasy
374,Metal Gear,1987,Male,Human,Pixel Art,Modern
1272,SimCity,1989,Unknown,God/Abstract,Pixel Art,Modern
2364,Xenoblade Chronicles,2010,Male,Human,Anime/Cartoon,Sci-Fi
1111,Metroid Prime 3: Corruption,2007,Female,Superhuman,Realistic,Sci-Fi
200551,Zenless Zone Zero,2024,Multiple,Human,Anime/Cartoon,Futuristic
8492,Lisa: The Painful,2014,Male,Human,Pixel Art,Post-Apocalyptic
363,Heroes of Might and Magic II: The Succession Wars,1996,Unknown,God/Abstract,Pixel Art,Fantasy
3235,Blur,2010,Unknown,Vehicle,Realistic,Modern
18840,Metal Slug X,1999,Multiple,Human,Pixel Art,Modern
2482,The Godfather,2006,Male,Human,Realistic,Historical
5611,RuneScape,2001,Multiple,Custom,Stylized,Fantasy
119357,Immortals Fenyx Rising,2020,Multiple,Superhuman,Stylized,Mythological
6614,Zero Escape: Virtue's Last Reward,2012,Male,Human,Anime/Cartoon,Sci-Fi
204627,Cocoon,2023,Unknown,Creature,Stylized,Sci-Fi
4065,Peter Jackson's King Kong: The Official Game of the Movie,2005,Male,Human,Realistic,Modern
1792,Ratchet & Clank Future: Tools of Destruction,2007,Male,Creature,Stylized,Sci-Fi
1439,Fire Emblem: The Blazing Blade,2003,Multiple,Human,Pixel Art,Fantasy
1966,Rayman 3: Hoodlum Havoc,2003,Male,Creature,Stylized,Fantasy
561,Colin McRae: Dirt 2,2009,Unknown,Vehicle,Realistic,Modern
10047,BioShock Infinite: Burial at Sea - Episode 1,2013,Male,Human,Stylized,Sci-Fi
3939,Gun,2005,Male,Human,Realistic,Historical
317407,Battlefield 6,2025,Multiple,Custom,Realistic,Futuristic
1691,Advance Wars,2001,Multiple,God/Abstract,Pixel Art,Modern
553,Spider-Man: Shattered Dimensions,2010,Male,Superhuman,Stylized,Modern
3363,Mario & Luigi: Bowser's Inside Story,2009,Male,Human,Pixel Art,Fantasy
1987,XIII,2003,Male,Human,Cel-Shaded/Toon Style,Modern
1429,Apollo Justice: Ace Attorney,2007,Male,Human,Anime/Cartoon,Modern
2484,Winning Eleven: Pro Evolution Soccer 2007,2006,Male,Human,Realistic,Modern
303811,Astro Bot,2024,Male,Robot,Stylized,Sci-Fi
332780,R.E.P.O.,2025,Multiple,Custom,Stylized,Sci-Fi
72373,Getting Over It with Bennett Foddy,2017,Male,Human,Stylized,Abstract
11276,The Room Two,2013,Unknown,Human,Realistic,Modern
2143,TimeSplitters 2,2002,Multiple,Human,Stylized,Sci-Fi
281275,Buckshot Roulette,2023,Unknown,Human,Stylized,Abstract
2566,Dragon Ball Z: Budokai 3,2004,Multiple,Selectable,Anime/Cartoon,Sci-Fi
308,Black & White,2001,Unknown,God/Abstract,Stylized,Fantasy
648,Command & Conquer: Red Alert 2 - Yuri's Revenge,2001,Unknown,God/Abstract,Stylized,Sci-Fi
55190,Pikuniku,2019,Unknown,Creature,Stylized,Modern
1242,Tekken,1994,Multiple,Selectable,Realistic,Modern
192,Maniac Mansion,1987,Male,Human,Pixel Art,Modern
298915,Arena Breakout: Infinite,2025,Multiple,Custom,Realistic,Modern
95340,PUBG Mobile,2018,Multiple,Custom,Realistic,Modern
10662,Disney's Tarzan,1999,Male,Human,Pixel Art,Modern
24369,Resident Evil Code: Veronica X,2001,Multiple,Human,Realistic,Post-Apocalyptic
135254,Crash Bandicoot 4: It's About Time,2020,Multiple,Animal,Stylized,Sci-Fi
928,Unreal Tournament III,2007,Multiple,Human,Realistic,Sci-Fi
2587,Skate 3,2010,Multiple,Custom,Realistic,Modern
6453,Katamari Damacy,2004,Male,God/Abstract,Stylized,Abstract
1804,Chrono Cross,1999,Male,Human,Stylized,Fantasy
1717,Mega Man 4,1991,Male,Robot,Pixel Art,Sci-Fi
55036,Anno 1800,2019,Unknown,God/Abstract,Realistic,Historical
5169,Sonic Unleashed,2008,Male,Animal,Stylized,Fantasy
1440,Fire Emblem: The Sacred Stones,2004,Multiple,Human,Pixel Art,Fantasy
897,The Operative: No One Lives Forever,2000,Female,Human,Stylized,Historical
6166,Subway Surfers,2012,Multiple,Human,Stylized,Modern
3719,Kirby Super Star,1996,Male,Creature,Pixel Art,Fantasy
3199,Dead Rising 3,2013,Male,Human,Realistic,Post-Apocalyptic
30208,Dragon Age: The Veilguard,2024,Multiple,Custom,Stylized,Fantasy
256092,EA Sports FC 24,2023,Male,Human,Realistic,Modern
6611,Botanicula,2012,Unknown,Creature,Hand-Drawn,Fantasy
101440,S.T.A.L.K.E.R. 2: Heart of Chornobyl,2024,Male,Human,Realistic,Post-Apocalyptic
1600,Gran Turismo 3: A-Spec,2001,Unknown,Vehicle,Realistic,Modern
419,Final Fantasy V,1992,Male,Human,Pixel Art,Fantasy
650,Command & Conquer: Generals - Zero Hour,2003,Unknown,God/Abstract,Realistic,Modern
3,Thief: Deadly Shadows,2004,Male,Human,Realistic,Fantasy
2630,Bubble Bobble,1986,Multiple,Creature,Pixel Art,Fantasy
1566,SoulCalibur III,2005,Multiple,Selectable,Realistic,Historical
3111,Soldier of Fortune,2000,Male,Human,Realistic,Modern
6283,Sonic Advance,2001,Multiple,Animal,Pixel Art,Fantasy
3071,Comix Zone,1995,Male,Human,Hand-Drawn,Fantasy
1249,Tekken Tag Tournament,1999,Multiple,Selectable,Realistic,Modern
255,Arcanum: of Steamworks and Magick Obscura,2001,Multiple,Custom,Stylized,Fantasy
3619,Toy Story 2: Buzz Lightyear to the Rescue!,1999,Male,Robot,Stylized,Modern
3666,Ice Climber,1985,Multiple,Human,Pixel Art,Modern
1333,Pong,1972,Unknown,God/Abstract,Pixel Art,Abstract
3406,Mario Tennis,2000,Multiple,Selectable,Stylized,Modern
1182,Castlevania: Lords of Shadow 2,2014,Male,Superhuman,Realistic,Fantasy
12597,Owlboy,2016,Male,Creature,Pixel Art,Fantasy
10232,Thimbleweed Park,2017,Multiple,Human,Pixel Art,Modern
142803,Diablo II: Resurrected,2021,Multiple,Custom,Realistic,Fantasy
107315,Subnautica: Below Zero,2021,Female,Human,Stylized,Sci-Fi
19520,Far: Lone Sails,2018,Unknown,Human,Stylized,Post-Apocalyptic
111563,Deltarune: Chapter 1,2018,Unknown,Human,Pixel Art,Fantasy
11667,Dragon Quest XI: Echoes of an Elusive Age,2017,Male,Human,Anime/Cartoon,Fantasy
141543,Road 96,2021,Multiple,Human,Stylized,Modern
5181,Spider-Man: Web of Shadows,2008,Male,Superhuman,Stylized,Modern
1564,SoulCalibur,1998,Multiple,Selectable,Realistic,Historical
6490,Disney's Chip 'n Dale Rescue Rangers,1990,Multiple,Animal,Pixel Art,Modern
926,Unreal Tournament 2003,2002,Multiple,Human,Realistic,Sci-Fi
120176,Teamfight Tactics,2019,Multiple,God/Abstract,Stylized,Fantasy
23181,OneShot,2016,Unknown,Creature,Pixel Art,Fantasy
108778,Little Misfortune,2019,Female,Human,Hand-Drawn,Modern
3146,Plants vs. Zombies: Garden Warfare,2014,Multiple,Creature,Stylized,Modern
131890,Sea of Stars,2023,Multiple,Human,Pixel Art,Fantasy
125166,Battlefield 2042,2021,Multiple,Human,Realistic,Futuristic
503,FIFA Soccer 11,2010,Male,Human,Realistic,Modern
484,Silent Hill: Origins,2007,Male,Human,Realistic,Modern
2669,Guitar Hero World Tour,2008,Unknown,Human,Stylized,Modern
329,Dungeon Siege,2002,Multiple,Custom,Realistic,Fantasy
7326,Forza Horizon 2,2014,Male,Vehicle,Realistic,Modern
7099,Naruto Shippuden: Ultimate Ninja Storm 3,2013,Male,Superhuman,Anime/Cartoon,Fantasy
1006,Syndicate,2012,Male,Superhuman,Realistic,Futuristic
2964,Call of Cthulhu: Dark Corners of the Earth,2005,Male,Human,Realistic,Historical
1220,Kingdom Hearts: Chain of Memories,2004,Male,Human,Pixel Art,Fantasy
7337,Captain Toad: Treasure Tracker,2014,Male,Human,Stylized,Fantasy
11416,Persona 3 Portable,2009,Multiple,Human,Anime/Cartoon,Modern
542,LEGO Pirates of the Caribbean: The Video Game,2011,Multiple,Human,Stylized,Historical
1278,Resistance: Fall of Man,2006,Male,Human,Realistic,Sci-Fi
8247,Marvel vs. Capcom 2: New Age of Heroes,2000,Multiple,Selectable,Pixel Art,Fantasy
19698,Albion Online,2017,Multiple,Custom,Stylized,Fantasy
393,Final Fantasy III,2006,Multiple,Human,Stylized,Fantasy
76885,SoulCalibur VI,2018,Multiple,Selectable,Realistic,Historical
26970,Minit,2018,Unknown,Creature,Pixel Art,Fantasy
1223,Kingdom Hearts 358/2 Days,2009,Male,Human,Anime/Cartoon,Fantasy
3364,Mario & Luigi: Partners in Time,2005,Male,Human,Pixel Art,Fantasy
2193,Mario Party 8,2007,Multiple,Selectable,Stylized,Fantasy
1567,SoulCalibur IV,2008,Multiple,Selectable,Realistic,Historical
8339,Minecraft: Story Mode,2015,Multiple,Human,Voxel,Fantasy
133306,Call of the Sea,2020,Female,Human,Stylized,Historical
2066,Ultimate Marvel vs. Capcom 3,2011,Multiple,Selectable,Stylized,Fantasy
20910,World War Z,2019,Multiple,Human,Realistic,Post-Apocalyptic
134101,FIFA 21,2020,Male,Human,Realistic,Modern
5178,Spider-Man 3,2007,Male,Superhuman,Stylized,Modern
3150,LEGO Harry Potter: Years 5-7,2011,Male,Superhuman,Stylized,Fantasy
18182,Momodora: Reverie Under the Moonlight,2016,Female,Human,Pixel Art,Fantasy
19449,Dragon Ball: Xenoverse 2,2016,Multiple,Custom,Anime/Cartoon,Sci-Fi
154775,RoboCop: Rogue City,2023,Male,Robot,Realistic,Futuristic
37083,Horizon Zero Dawn: The Frozen Wilds,2017,Female,Human,Realistic,Post-Apocalyptic
11549,Zero Escape: Zero Time Dilemma,2016,Multiple,Human,Anime/Cartoon,Sci-Fi
1819,Dragon Quest VIII: Journey of the Cursed King,2004,Male,Human,Anime/Cartoon,Fantasy
18225,The Sinking City,2019,Male,Human,Realistic,Historical
9898,Total War: Warhammer,2016,Unknown,God/Abstract,Realistic,Fantasy
125633,Crimson Desert,2026,Multiple,Human,Realistic,Fantasy
250630,Marathon,2026,Multiple,Robot,Realistic,Sci-Fi
347668,Resident Evil Requiem,2026,Female,Human,Realistic,Post-Apocalyptic
381250,Highguard,2026,Multiple,Superhuman,Realisitc,Fantasy