id,name,year,popularityRank,protagonistGender,protagonistType,artStyle,setting
1020,"Grand Theft Auto V",2013,1,,,,
1942,"The Witcher 3: Wild Hunt",2015,2,,,,
72,"Portal 2",2011,3,,,,
472,"The Elder Scrolls V: Skyrim",2011,4,,,,
71,"Portal",2007,5,,,,
732,"Grand Theft Auto: San Andreas",2004,6,,,,
25076,"Red Dead Redemption 2",2018,7,,,,
1009,"The Last of Us",2013,8,,,,
19560,"God of War",2018,9,,,,
233,"Half-Life 2",2004,10,,,,
127,"Assassin's Creed II",2009,11,,,,
20,"BioShock",2007,12,,,,
733,"Grand Theft Auto: Vice City",2002,13,,,,
7346,"The Legend of Zelda: Breath of the Wild",2017,14,,,,
231,"Half-Life",1998,15,,,,
74,"Mass Effect 2",2010,16,,,,
538,"BioShock Infinite",2013,17,,,,
501,"Batman: Arkham City",2011,18,,,,
500,"Batman: Arkham Asylum",2009,19,,,,
7331,"Uncharted 4: A Thief's End",2016,20,,,,
73,"Mass Effect",2007,21,,,,
434,"Red Dead Redemption",2010,22,,,,
11156,"Horizon Zero Dawn",2017,23,,,,
1164,"Tomb Raider",2013,24,,,,
16,"Fallout: New Vegas",2010,25,,,,
529,"Far Cry 3",2012,26,,,,
565,"Uncharted 2: Among Thieves",2009,27,,,,
1029,"The Legend of Zelda: Ocarina of Time",1998,28,,,,
19565,"Marvel's Spider-Man",2018,29,,,,
14593,"Hollow Knight",2017,30,,,,
121,"Minecraft: Java Edition",2011,31,,,,
119133,"Elden Ring",2022,32,,,,
1074,"Super Mario 64",1996,33,,,,
1070,"Super Mario World",1990,34,,,,
7351,"Doom",2016,35,,,,
533,"Dishonored",2012,36,,,,
11133,"Dark Souls III",2016,37,,,,
1011,"Borderlands 2",2012,38,,,,
75,"Mass Effect 3",2012,39,,,,
731,"Grand Theft Auto IV",2008,40,,,,
7599,"Life is Strange",2015,41,,,,
623,"Call of Duty 4: Modern Warfare",2007,42,,,,
26758,"Super Mario Odyssey",2017,43,,,,
12517,"Undertale",2015,44,,,,
7334,"Bloodborne",2015,45,,,,
128,"Assassin's Creed",2007,46,,,,
1970,"Assassin's Creed IV Black Flag",2013,47,,,,
15,"Fallout 3",2008,48,,,,
18,"Max Payne",2001,49,,,,
1871,"The Walking Dead",2012,50,,,,
113,"Assassin's Creed Brotherhood",2010,51,,,,
9630,"Fallout 4",2015,52,,,,
6036,"The Last of Us Remastered",2014,53,,,,
17000,"Stardew Valley",2016,54,,,,
1068,"Super Mario Bros. 3",1988,55,,,,
1026,"The Legend of Zelda: A Link to the Past",1991,56,,,,
375,"Metal Gear Solid",1998,57,,,,
7342,"Inside",2016,58,,,,
2155,"Dark Souls",2011,59,,,,
76,"Dragon Age: Origins",2009,60,,,,
427,"Final Fantasy VII",1997,61,,,,
113112,"Hades",2020,62,,,,
26192,"The Last of Us Part II",2020,63,,,,
1331,"Limbo",2010,64,,,,
974,"Resident Evil 4",2005,65,,,,
132,"Warcraft III: Reign of Chaos",2002,66,,,,
730,"Grand Theft Auto III",2001,67,,,,
59,"The Elder Scrolls IV: Oblivion",2006,68,,,,
559,"Call of Duty: Modern Warfare 2",2009,69,,,,
126,"Diablo II",2000,70,,,,
11208,"NieR: Automata",2017,71,,,,
1266,"Assassin's Creed III",2012,72,,,,
5503,"Batman: Arkham Knight",2015,73,,,,
1877,"Cyberpunk 2077",2020,74,,,,
247,"Half-Life 2: Episode Two",2007,75,,,,
7344,"Ori and the Blind Forest",2015,76,,,,
512,"Uncharted 3: Drake's Deception",2011,77,,,,
39,"Mafia",2002,78,,,,
116,"Star Wars: Knights of the Old Republic",2003,79,,,,
3025,"Middle-earth: Shadow of Mordor",2014,80,,,,
26226,"Celeste",2018,81,,,,
478,"The Witcher 2: Assassins of Kings",2011,82,,,,
1372,"Counter-Strike: Global Offensive",2012,83,,,,
19686,"Resident Evil 2",2019,84,,,,
7323,"Rise of the Tomb Raider",2015,85,,,,
545,"Call of Duty: Black Ops",2010,86,,,,
119171,"Baldur's Gate III",2023,87,,,,
2031,"Wolfenstein: The New Order",2014,88,,,,
76882,"Sekiro: Shadows Die Twice",2019,89,,,,
1802,"Chrono Trigger",1995,90,,,,
358,"Super Mario Bros.",1985,91,,,,
2207,"Shadow of the Colossus",2005,92,,,,
1384,"Hotline Miami",2012,93,,,,
379,"Metal Gear Solid 3: Snake Eater",2004,94,,,,
537,"Assassin's Creed Revelations",2011,95,,,,
1077,"Super Mario Galaxy",2007,96,,,,
40,"Mafia II",2010,97,,,,
37,"Dead Space",2008,98,,,,
230,"StarCraft",1998,99,,,,
14362,"Detroit: Become Human",2018,100,,,,
1262,"South Park: The Stick of Truth",2014,101,,,,
431,"Uncharted: Drake's Fortune",2007,102,,,,
11198,"Rocket League",2015,103,,,,
8173,"Overwatch",2016,104,,,,
2993,"The Wolf Among Us",2013,105,,,,
9730,"Firewatch",2016,106,,,,
124,"Left 4 Dead 2",2009,107,,,,
1985,"Metal Gear Solid V: The Phantom Pain",2015,108,,,,
1352,"Journey",2012,109,,,,
6801,"Far Cry 4",2014,110,,,,
866,"Sid Meier's Civilization V",2010,111,,,,
979,"Call of Duty: Modern Warfare 3",2011,112,,,,
1121,"Watch Dogs",2014,113,,,,
960,"Max Payne 3",2012,114,,,,
481,"Silent Hill 2",2001,115,,,,
493,"Heavy Rain",2010,116,,,,
21,"BioShock 2",2010,117,,,,
239,"StarCraft II: Wings of Liberty",2010,118,,,,
7603,"Hellblade: Senua's Sacrifice",2017,119,,,,
1887,"Dragon Age: Inquisition",2014,120,,,,
28540,"Assassin's Creed Origins",2017,121,,,,
1627,"Super Smash Bros. Melee",2001,122,,,,
26472,"Disco Elysium",2019,123,,,,
343,"Battlefield 3",2011,124,,,,
9927,"Persona 5",2016,125,,,,
622,"Call of Duty 2",2005,126,,,,
549,"God of War",2005,127,,,,
43,"Deus Ex: Human Revolution",2011,128,,,,
38,"Dead Space 2",2011,129,,,,
551,"God of War II",2007,130,,,,
418,"Final Fantasy X",2001,131,,,,
1103,"Super Metroid",1994,132,,,,
109,"L.A. Noire",2011,133,,,,
327,"Age of Empires II: The Age of Kings",1999,134,,,,
19,"Max Payne 2: The Fall of Max Payne",2003,135,,,,
19562,"Resident Evil 7: Biohazard",2017,136,,,,
3042,"Dying Light",2015,137,,,,
1033,"The Legend of Zelda: The Wind Waker",2002,138,,,,
498,"Borderlands",2009,139,,,,
1879,"Terraria",2011,140,,,,
376,"Metal Gear Solid 2: Sons of Liberty",2001,141,,,,
75235,"Ghost of Tsushima",2020,142,,,,
3035,"The Stanley Parable",2013,143,,,,
673,"Doom",1993,144,,,,
1062,"Alan Wake",2010,145,,,,
135243,"It Takes Two",2021,146,,,,
11233,"What Remains of Edith Finch",2017,147,,,,
74701,"Star Wars Jedi: Fallen Order",2019,148,,,,
98,"Need for Speed: Most Wanted",2005,149,,,,
115,"League of Legends",2009,150,,,,
1051,"Mirror's Edge",2008,151,,,,
1905,"Fortnite",2020,152,,,,
625,"Call of Duty: World at War",2008,153,,,,
5606,"Assassin's Creed Unity",2014,154,,,,
8197,"Tetris",1989,155,,,,
112875,"God of War Ragnarök",2022,156,,,,
103054,"Assassin's Creed Odyssey",2018,157,,,,
90101,"Super Smash Bros. Ultimate",2018,158,,,,
120,"Diablo III",2012,159,,,,
1078,"Super Mario Galaxy 2",2010,160,,,,
103329,"Control",2019,161,,,,
1122,"Call of Duty: Black Ops II",2012,162,,,,
1377,"Spec Ops: The Line",2012,163,,,,
740,"Halo: Combat Evolved",2001,164,,,,
421,"Final Fantasy IX",2000,165,,,,
1979,"Battlefield 4",2013,166,,,,
338,"Half-Life 2: Episode One",2006,167,,,,
9061,"Cuphead",2017,168,,,,
18320,"Battlefield 1",2016,169,,,,
891,"Team Fortress 2",2007,170,,,,
123,"World of Warcraft",2004,171,,,,
495,"Metro 2033",2010,172,,,,
1105,"Metroid Prime",2002,173,,,,
14,"Fallout 2",1998,174,,,,
19564,"Death Stranding",2019,175,,,,
1030,"The Legend of Zelda: Majora's Mask",2000,176,,,,
97,"Need for Speed: Underground 2",2004,177,,,,
17447,"Titanfall 2",2016,178,,,,
2368,"Dark Souls II",2014,179,,,,
28552,"Far Cry 5",2018,180,,,,
56,"The Elder Scrolls III: Morrowind",2002,181,,,,
3097,"The Walking Dead: Season Two",2013,182,,,,
885,"Super Meat Boy",2010,183,,,,
41,"Deus Ex",2000,184,,,,
8263,"Assassin's Creed Syndicate",2015,185,,,,
621,"Call of Duty",2003,186,,,,
80,"The Witcher",2007,187,,,,
1221,"Kingdom Hearts II",2005,188,,,,
987,"Halo 3",2007,189,,,,
96,"Need for Speed: Underground",2003,190,,,,
118,"Star Wars: Knights of the Old Republic II - The Sith Lords",2004,191,,,,
2003,"Batman: Arkham Origins",2013,192,,,,
1128,"Castlevania: Symphony of the Night",1997,193,,,,
119388,"The Legend of Zelda: Tears of the Kingdom",2023,194,,,,
499,"God of War III",2010,195,,,,
847,"Resident Evil 5",2009,196,,,,
1334,"Brothers: A Tale of Two Sons",2013,197,,,,
296,"Crysis",2007,198,,,,
27316,"A Plague Tale: Innocence",2019,199,,,,
11118,"Dishonored 2",2016,200,,,,
11737,"Outer Wilds",2019,201,,,,
1983,"Bastion",2011,202,,,,
204350,"The Last of Us Part I",2022,203,,,,
836,"Prince of Persia: The Sands of Time",2003,204,,,,
122,"Left 4 Dead",2008,205,,,,
1342,"Beyond: Two Souls",2013,206,,,,
2963,"Dota 2",2013,207,,,,
426,"Final Fantasy III",1994,208,,,,
241,"Counter-Strike",2000,209,,,,
19441,"Watch Dogs 2",2016,210,,,,
873,"Saints Row: The Third",2011,211,,,,
2033,"Call of Duty: Ghosts",2013,212,,,,
539,"Metro: Last Light",2013,213,,,,
1279,"Hearthstone",2014,214,,,,
380,"Metal Gear Solid 4: Guns of the Patriots",2008,215,,,,
7609,"Until Dawn",2015,216,,,,
1022,"The Legend of Zelda",1986,217,,,,
103298,"Doom Eternal",2020,218,,,,
2909,"The Legend of Zelda: A Link Between Worlds",2013,219,,,,
9174,"Little Nightmares",2017,220,,,,
142,"Star Wars: Battlefront II",2005,221,,,,
4754,"Alien: Isolation",2014,222,,,,
2935,"Papers, Please",2013,223,,,,
1073,"Super Mario World 2: Yoshi's Island",1995,224,,,,
1036,"The Legend of Zelda: Twilight Princess",2006,225,,,,
9066,"Cities: Skylines",2015,226,,,,
2350,"Mario Kart 8",2014,227,,,,
1910,"Outlast",2013,228,,,,
1185,"Crash Bandicoot",1996,229,,,,
19531,"Prey",2017,230,,,,
364,"Heroes of Might and Magic III: The Restoration of Erathia",1999,231,,,,
78,"Dragon Age II",2011,232,,,,
530,"Hitman: Absolution",2012,233,,,,
289,"Age of Empires",1997,234,,,,
986,"Halo 2",2004,235,,,,
110248,"Stray",2022,236,,,,
1267,"Sleeping Dogs",2012,237,,,,
9727,"Soma",2015,238,,,,
1968,"Rayman Legends",2013,239,,,,
990,"Halo: Reach",2010,240,,,,
37777,"Shadow of the Tomb Raider",2018,241,,,,
114283,"Persona 5 Royal",2019,242,,,,
305152,"Clair Obscur: Expedition 33",2025,243,,,,
45181,"Mass Effect Trilogy",2012,244,,,,
114795,"Apex Legends",2019,245,,,,
1277,"Plants vs. Zombies",2009,246,,,,
352,"Battlefield: Bad Company 2",2010,247,,,,
3212,"The Sims 4",2014,248,,,,
37016,"Metro Exodus",2019,249,,,,
36897,"A Way Out",2018,250,,,,
13,"Fallout: A Post Nuclear Role Playing Game",1997,251,,,,
113114,"The Outer Worlds",2019,252,,,,
471,"Crysis 2",2011,253,,,,
36952,"Wolfenstein II: The New Colossus",2017,254,,,,
25657,"Destiny 2",2017,255,,,,
3225,"No Man's Sky",2016,256,,,,
260,"The Sims 3",2009,257,,,,
26764,"Mario Kart 8 Deluxe",2017,258,,,,
26855,"Dead Cells",2018,259,,,,
6632,"Call of Duty: Advanced Warfare",2014,260,,,,
19130,"Sid Meier's Civilization VI",2016,261,,,,
3192,"Sonic the Hedgehog",1991,262,,,,
119277,"Genshin Impact",2020,263,,,,
1517,"Pokémon Emerald Version",2004,264,,,,
11,"Vampire: The Masquerade - Bloodlines",2004,265,,,,
4438,"Sonic the Hedgehog 2",1992,266,,,,
2853,"Braid",2008,267,,,,
28204,"Call of Duty: WWII",2017,268,,,,
27789,"PUBG: Battlegrounds",2017,269,,,,
359,"Final Fantasy XV",2016,270,,,,
2342,"Mario Kart 64",1996,271,,,,
1090,"Donkey Kong Country",1994,272,,,,
136625,"Hogwarts Legacy",2023,273,,,,
1561,"Pokémon Red Version",1996,274,,,,
1628,"Super Smash Bros. Brawl",2008,275,,,,
61,"Monkey Island 2: LeChuck's Revenge",1991,276,,,,
9509,"Call of Duty: Black Ops III",2015,277,,,,
2183,"Mario Kart Wii",2008,278,,,,
9498,"Deus Ex: Mankind Divided",2016,279,,,,
19561,"Days Gone",2019,280,,,,
11157,"Hitman",2016,281,,,,
125,"Diablo",1996,282,,,,
132181,"Resident Evil 4",2023,283,,,,
36926,"Monster Hunter: World",2018,284,,,,
1981,"Saints Row IV",2013,285,,,,
880,"Resident Evil 2",1998,286,,,,
133,"Warcraft III: The Frozen Throne",2003,287,,,,
22439,"The Witcher 3: Wild Hunt - Game of the Year Edition",2016,288,,,,
7570,"Assassin's Creed Rogue",2014,289,,,,
6707,"Tales from the Borderlands",2014,290,,,,
1219,"Kingdom Hearts",2002,291,,,,
517,"F.E.A.R.",2005,292,,,,
2136,"Bayonetta",2009,293,,,,
2552,"Mad Max",2015,294,,,,
1318,"XCOM: Enemy Unknown",2012,295,,,,
9254,"Subnautica",2018,296,,,,
480,"Silent Hill",1999,297,,,,
37001,"Ori and the Will of the Wisps",2020,298,,,,
19164,"Borderlands 3",2019,299,,,,
26401,"Star Wars Battlefront II",2017,300,,,,
12503,"The Witcher 3: Wild Hunt - Hearts of Stone",2015,301,,,,
7205,"SuperHot",2016,302,,,,
1244,"Tekken 3",1997,303,,,,
2899,"EarthBound",1994,304,,,,
1906,"Gone Home",2013,305,,,,
1067,"Super Mario Bros. 2",1988,306,,,,
7349,"Mass Effect: Andromeda",2017,307,,,,
2985,"Persona 4 Golden",2012,308,,,,
361,"Far Cry 2",2008,309,,,,
119313,"Fall Guys",2020,310,,,,
7360,"Tom Clancy's Rainbow Six Siege X",2015,311,,,,
991,"Halo 4",2012,312,,,,
99,"Need for Speed: Carbon",2006,313,,,,
1559,"Pokémon FireRed Version",2004,314,,,,
1048,"Hitman: Blood Money",2006,315,,,,
378,"Metal Gear Rising: Revengeance",2013,316,,,,
111469,"Among Us",2018,317,,,,
76253,"Devil May Cry 5",2019,318,,,,
819,"Grand Theft Auto 2",1999,319,,,,
134581,"Marvel's Spider-Man: Miles Morales",2020,320,,,,
1082,"Resident Evil 6",2012,321,,,,
547,"Gears of War",2006,322,,,,
536,"Dead Island",2011,323,,,,
26193,"Uncharted: The Lost Legacy",2017,324,,,,
7789,"The Binding of Isaac: Rebirth",2014,325,,,,
7444,"Shovel Knight",2014,326,,,,
81085,"Dark Souls: Remastered",2018,327,,,,
115115,"Resident Evil 3",2020,328,,,,
22917,"Gris",2018,329,,,,
6739,"Black Mesa",2020,330,,,,
306,"Far Cry",2004,331,,,,
224,"The Sims 2",2004,332,,,,
3349,"Paper Mario: The Thousand-Year Door",2004,333,,,,
111,"Amnesia: The Dark Descent",2010,334,,,,
6,"Baldur's Gate II: Shadows of Amn",2000,335,,,,
307,"Counter-Strike: Source",2004,336,,,,
1039,"The Legend of Zelda: Ocarina of Time 3D",2011,337,,,,
837,"Prince of Persia: Warrior Within",2004,338,,,,
1512,"Pokémon Yellow Version: Special Pikachu Edition",1998,339,,,,
312,"Doom II: Hell on Earth",1994,340,,,,
1941,"Infamous: Second Son",2014,341,,,,
5601,"The Witness",2016,342,,,,
1075,"Super Mario Sunshine",2002,343,,,,
223,"The Sims",2000,344,,,,
55935,"Doki Doki Literature Club!",2017,345,,,,
425,"Final Fantasy VIII",1999,346,,,,
1187,"Crash Bandicoot: Warped",1998,347,,,,
620,"Burnout Paradise",2008,348,,,,
55163,"Resident Evil Village",2021,349,,,,
5328,"Metal Gear Solid V: Ground Zeroes",2014,350,,,,
11397,"Yakuza 0",2015,351,,,,
40477,"Slay the Spire",2019,352,,,,
2058,"Payday 2",2013,353,,,,
1254,"DmC: Devil May Cry",2013,354,,,,
60,"The Secret of Monkey Island",1990,355,,,,
1939,"Destiny",2014,356,,,,
109462,"Animal Crossing: New Horizons",2020,357,,,,
11169,"Final Fantasy VII Remake",2020,358,,,,
3022,"Transistor",2014,359,,,,
12515,"Pokémon Go",2016,360,,,,
7292,"Mortal Kombat X",2015,361,,,,
2903,"Warframe",2013,362,,,,
126459,"Valorant",2020,363,,,,
29004,"Life is Strange: Before the Storm",2017,364,,,,
11492,"Mafia III",2016,365,,,,
7352,"Abzu",2016,366,,,,
1186,"Crash Bandicoot 2: Cortex Strikes Back",1997,367,,,,
980,"Grand Theft Auto",1997,368,,,,
1511,"Pokémon Blue Version",1996,369,,,,
1911,"Path of Exile",2013,370,,,,
13166,"The Witcher 3: Wild Hunt - Blood and Wine",2016,371,,,,
11065,"Ratchet & Clank",2016,372,,,,
1092,"Donkey Kong Country 2: Diddy's Kong Quest",1995,373,,,,
27421,"Middle-earth: Shadow of War",2017,374,,,,
13182,"Far Cry: Primal",2016,375,,,,
558,"Just Cause 2",2010,376,,,,
135400,"Minecraft",2016,377,,,,
324,"Age of Mythology",2002,378,,,,
9643,"Return of the Obra Dinn",2018,379,,,,
8254,"Resident Evil",2014,380,,,,
912,"Tomb Raider",1996,381,,,,
2437,"Prince of Persia: The Two Thrones",2005,382,,,,
1626,"Super Smash Bros.",1999,383,,,,
1991,"Fez",2012,384,,,,
5025,"To the Moon",2011,385,,,,
7386,"The Talos Principle",2014,386,,,,
281,"Return to Castle Wolfenstein",2001,387,,,,
2126,"Hotline Miami 2: Wrong Number",2015,388,,,,
1270,"Darksiders",2010,389,,,,
320,"S.T.A.L.K.E.R.: Shadow of Chernobyl",2007,390,,,,
193,"Day of the Tentacle",1993,391,,,,
475,"Star Wars: The Force Unleashed",2008,392,,,,
112,"Devil May Cry 4",2008,393,,,,
134070,"Mafia: Definitive Edition",2020,394,,,,
2113,"Star Wars Battlefront",2015,395,,,,
4786,"The Evil Within",2014,396,,,,
2332,"Super Mario Kart",1992,397,,,,
299,"Age of Empires III",2005,398,,,,
2180,"Super Mario 3D World",2013,399,,,,
3193,"Need for Speed: Most Wanted",2012,400,,,,
11800,"Divinity: Original Sin II",2017,401,,,,
9192,"Wolfenstein: The Old Blood",2015,402,,,,
8965,"Darkest Dungeon",2016,403,,,,
3278,"Garry's Mod",2004,404,,,,
342,"Duke Nukem 3D",1996,405,,,,
119,"Mortal Kombat",2011,406,,,,
1192,"Crash Team Racing",1999,407,,,,
133004,"Assassin's Creed Valhalla",2020,408,,,,
4843,"Kingdom Come: Deliverance",2018,409,,,,
424,"Resident Evil",1996,410,,,,
548,"Gears of War 2",2008,411,,,,
119177,"Call of Duty: Modern Warfare",2019,412,,,,
10919,"XCOM 2",2016,413,,,,
8222,"Dark Souls II: Scholar of the First Sin",2015,414,,,,
2262,"Gothic II",2002,415,,,,
966,"Resident Evil 3: Nemesis",1999,416,,,,
7327,"Valiant Hearts: The Great War",2014,417,,,,
14587,"Oxenfree",2016,418,,,,
1216,"Dead Space 3",2013,419,,,,
8187,"Just Cause 3",2015,420,,,,
748,"Hitman 2: Silent Assassin",2002,421,,,,
19457,"The Elder Scrolls V: Skyrim - Special Edition",2016,422,,,,
2261,"Gothic",2001,423,,,,
82090,"Forza Horizon 4",2018,424,,,,
2181,"Wii Sports",2006,425,,,,
1035,"The Legend of Zelda: The Minish Cap",2004,426,,,,
389,"Final Fantasy XIII",2009,427,,,,
3075,"FTL: Faster Than Light",2012,428,,,,
280,"Doom 3",2004,429,,,,
245,"Command & Conquer: Red Alert 2",2000,430,,,,
18968,"Call of Duty: Infinite Warfare",2016,431,,,,
1514,"Pokémon Crystal Version",2000,432,,,,
2990,"Machinarium",2009,433,,,,
1519,"Pokémon Platinum Version",2008,434,,,,
2132,"The Binding of Isaac",2011,435,,,,
2114,"Tom Clancy's The Division",2016,436,,,,
153,"Star Wars: Jedi Knight - Jedi Academy",2003,437,,,,
910,"Tom Clancy's Splinter Cell",2002,438,,,,
184,"Indiana Jones and the Fate of Atlantis",1992,439,,,,
1268,"Crysis 3",2013,440,,,,
355,"Quake III Arena",1999,441,,,,
1339,"Psychonauts",2005,442,,,,
6032,"Borderlands: The Pre-Sequel",2014,443,,,,
913,"Tony Hawk's Pro Skater 2",2000,444,,,,
83728,"Battlefield V",2018,445,,,,
1638,"GoldenEye 007",1997,446,,,,
482,"Silent Hill 3",2003,447,,,,
7610,"Game of Thrones: A Telltale Games Series",2014,448,,,,
1513,"Pokémon Silver Version",1999,449,,,,
2345,"Mario Kart DS",2005,450,,,,
832,"Planescape: Torment",1999,451,,,,
570,"Prototype",2009,452,,,,
23248,"Frostpunk",2018,453,,,,
1928,"Indigo Prophecy",2005,454,,,,
989,"Halo 3: ODST",2009,455,,,,
11119,"Fallout Shelter",2015,456,,,,
2276,"The Legend of Zelda: The Wind Waker HD",2013,457,,,,
2001,"Far Cry 3: Blood Dragon",2013,458,,,,
534,"The Legend of Zelda: Skyward Sword",2011,459,,,,
18866,"Dead by Daylight",2016,460,,,,
2682,"LEGO Star Wars: The Complete Saga",2007,461,,,,
125174,"Overwatch",2023,462,,,,
1876,"Spore",2008,463,,,,
1076,"New Super Mario Bros.",2006,464,,,,
981,"Rayman Origins",2011,465,,,,
2939,"The Vanishing of Ethan Carter",2014,466,,,,
7706,"This War of Mine",2014,467,,,,
1341,"Beyond Good & Evil",2003,468,,,,
1079,"Super Mario 3D Land",2011,469,,,,
2025,"Mount & Blade: Warband",2010,470,,,,
1558,"Pokémon Gold Version",1999,471,,,,
3070,"Euro Truck Simulator 2",2012,472,,,,
1520,"Pokémon SoulSilver Version",2009,473,,,,
105,"Need for Speed: Hot Pursuit",2010,474,,,,
333,"Quake",1996,475,,,,
5619,"Demon's Souls",2009,476,,,,
3750,"Quantum Break",2016,477,,,,
14746,"Batman: The Telltale Series",2016,478,,,,
1715,"Mega Man 2",1989,479,,,,
3152,"Don't Starve",2013,480,,,,
181,"Grim Fandango",1998,481,,,,
232,"Half-Life: Opposing Force",1999,482,,,,
130,"Warcraft II: Tides of Darkness",1995,483,,,,
2344,"Mario Kart: Double Dash!!",2003,484,,,,
37094,"Shadow of the Colossus",2018,485,,,,
2671,"Guitar Hero III: Legends of Rock",2007,486,,,,
494,"Bulletstorm",2011,487,,,,
3186,"Street Fighter II",1991,488,,,,
4756,"Child of Light",2014,489,,,,
136,"Devil May Cry 3: Dante's Awakening",2005,490,,,,
22,"System Shock 2",1999,491,,,,
139090,"Inscryption",2021,492,,,,
134,"Devil May Cry",2001,493,,,,
3182,"Diablo III: Reaper of Souls",2014,494,,,,
152249,"Marvel's Guardians of the Galaxy",2021,495,,,,
26196,"Crash Bandicoot N. Sane Trilogy",2017,496,,,,
2549,"Half-Life: Blue Shift",2001,497,,,,
5973,"Broforce",2015,498,,,,
7504,"The Forest",2018,499,,,,
1081,"The Elder Scrolls Online",2014,500,,,,
1521,"Pokémon Black Version",2010,501,,,,
523,"Infamous",2009,502,,,,
295,"Command & Conquer: Red Alert",1996,503,,,,
246,"Diablo II: Lord of Destruction",2001,504,,,,
2148,"Banjo-Kazooie",1998,505,,,,
277,"Battlefield 2",2005,506,,,,
112874,"Horizon Forbidden West",2022,507,,,,
7842,"Danganronpa: Trigger Happy Havoc",2010,508,,,,
911,"Tom Clancy's Splinter Cell: Chaos Theory",2005,509,,,,
115289,"Hollow Knight: Silksong",2025,510,,,,
1576,"Spyro the Dragon",1998,511,,,,
3221,"Rogue Legacy",2013,512,,,,
1557,"Pokémon Ruby Version",2002,513,,,,
948,"Worms Armageddon",1999,514,,,,
18433,"Overcooked!",2016,515,,,,
479,"Metal Gear Solid 3: Subsistence",2005,516,,,,
125165,"Diablo IV",2023,517,,,,
17269,"Roblox",2006,518,,,,
1976,"Call of Juarez: Gunslinger",2013,519,,,,
141,"Star Wars: Battlefront",2004,520,,,,
4,"Thief",2014,521,,,,
1918,"Injustice: Gods Among Us",2013,522,,,,
11790,"The Last of Us: Left Behind",2014,523,,,,
11161,"South Park: The Fractured But Whole",2017,524,,,,
1556,"Pokémon HeartGold Version",2009,525,,,,
1305,"Tom Clancy's Splinter Cell: Blacklist",2013,526,,,,
186725,"Vampire Survivors",2022,527,,,,
2438,"Prince of Persia",2008,528,,,,
5,"Baldur's Gate",1998,529,,,,
11182,"Enter the Gungeon",2016,530,,,,
9602,"Super Smash Bros. for Wii U",2014,531,,,,
2720,"Bully",2006,532,,,,
80853,"Metro 2033 Redux",2014,533,,,,
19000,"The Walking Dead: A New Frontier",2016,534,,,,
2178,"New Super Mario Bros. Wii",2009,535,,,,
492,"Gears of War 3",2011,536,,,,
1114,"Castlevania",1986,537,,,,
326,"Medal of Honor: Allied Assault",2002,538,,,,
10962,"Uncharted: The Nathan Drake Collection",2015,539,,,,
562,"Tom Clancy's Splinter Cell: Conviction",2010,540,,,,
96437,"Starfield",2023,541,,,,
20150,"Katana Zero",2019,542,,,,
3812,"Ryse: Son of Rome",2013,543,,,,
1560,"Pokémon Diamond Version",2006,544,,,,
647,"Command & Conquer",1995,545,,,,
3153,"Castle Crashers",2008,546,,,,
942,"World of Goo",2008,547,,,,
2599,"Game Dev Tycoon",2012,548,,,,
21062,"Sonic Mania",2017,549,,,,
521,"Fable",2004,550,,,,
117,"The Last Guardian",2016,551,,,,
141503,"Forza Horizon 5",2021,552,,,,
2287,"Pokémon Y",2013,553,,,,
1619,"Mortal Kombat II",1993,554,,,,
1337,"Torchlight II",2012,555,,,,
1183,"Guild Wars 2",2012,556,,,,
1156,"Tomb Raider II",1997,557,,,,
286,"Quake II",1997,558,,,,
112916,"Mortal Kombat 11",2019,559,,,,
62,"The Curse of Monkey Island",1997,560,,,,
251833,"Balatro",2024,561,,,,
1528,"Jak and Daxter: The Precursor Legacy",2001,562,,,,
949,"Call of Duty 3",2006,563,,,,
398,"Final Fantasy XII",2006,564,,,,
26845,"Fire Emblem: Three Houses",2019,565,,,,
1593,"Pillars of Eternity",2015,566,,,,
2112,"Mirror's Edge Catalyst",2016,567,,,,
1040,"Alice: Madness Returns",2011,568,,,,
152,"Star Wars: Jedi Knight II - Jedi Outcast",2002,569,,,,
2129,"Mark of the Ninja",2012,570,,,,
509,"Rage",2011,571,,,,
294041,"Marvel Rivals",2024,572,,,,
7313,"Heroes of the Storm",2015,573,,,,
7081,"Battlefield Hardline",2015,574,,,,
438,"Rome: Total War",2004,575,,,,
121760,"Little Nightmares II",2021,576,,,,
826,"Saints Row 2",2008,577,,,,
552,"God of War: Chains of Olympus",2008,578,,,,
103210,"Hitman 2",2018,579,,,,
2286,"Pokémon X",2013,580,,,,
1269,"Darksiders II",2012,581,,,,
890,"Syberia",2002,582,,,,
284,"Wolfenstein 3D",1992,583,,,,
242408,"Counter-Strike 2",2023,584,,,,
1426,"Phoenix Wright: Ace Attorney",2005,585,,,,
19456,"Ori and the Blind Forest: Definitive Edition",2016,586,,,,
10148,"Night in the Woods",2017,587,,,,
2844,"The Simpsons: Hit & Run",2003,588,,,,
37382,"Pokémon Sword",2019,589,,,,
6247,"Trine",2009,590,,,,
1049,"Hitman: Contracts",2004,591,,,,
134582,"Ratchet & Clank: Rift Apart",2021,592,,,,
127044,"Marvel's Spider-Man 2",2023,593,,,,
115284,"The Legend of Zelda: Link's Awakening",2019,594,,,,
7348,"Halo: The Master Chief Collection",2014,595,,,,
1104,"Metroid Fusion",2002,596,,,,
293,"Sid Meier's Civilization IV",2005,597,,,,
148241,"Lies of P",2023,598,,,,
1069,"Super Mario Land",1989,599,,,,
134597,"Astro's Playroom",2020,600,,,,
62151,"Life is Strange 2",2018,601,,,,
5335,"Goat Simulator",2014,602,,,,
101,"Need for Speed: Undercover",2008,603,,,,
26820,"Blasphemous",2019,604,,,,
1050,"Hitman: Codename 47",2000,605,,,,
520,"F.E.A.R. 2: Project Origin",2009,606,,,,
1515,"Pokémon Sapphire Version",2002,607,,,,
239064,"Grand Theft Auto V",2015,608,,,,
457,"StarCraft II: Heart of the Swarm",2013,609,,,,
90099,"Tom Clancy's The Division 2",2019,610,,,,
103341,"Overcooked! 2",2018,611,,,,
1741,"Mega Man X",1993,612,,,,
556,"Medal of Honor",2010,613,,,,
1161,"Tomb Raider: Legend",2006,614,,,,
140839,"Mass Effect Legendary Edition",2021,615,,,,
105049,"Remnant: From the Ashes",2019,616,,,,
3603,"Spider-Man",2000,617,,,,
1025,"Zelda II: The Adventure of Link",1987,618,,,,
137,"Star Wars: The Force Unleashed II",2010,619,,,,
9789,"RimWorld",2018,620,,,,
2668,"FlatOut 2",2006,621,,,,
1618,"Mortal Kombat",1992,622,,,,
116753,"A Short Hike",2019,623,,,,
103281,"Halo Infinite",2021,624,,,,
7194,"Steins;Gate",2009,625,,,,
7170,"Ico",2001,626,,,,
1594,"Gran Turismo",1997,627,,,,
3109,"Postal 2",2003,628,,,,
250616,"Helldivers 2",2024,629,,,,
11170,"Unravel",2016,630,,,,
7046,"Factorio",2020,631,,,,
3941,"Harry Potter and the Chamber of Secrets",2002,632,,,,
1289,"Ratchet & Clank",2002,633,,,,
228,"World of Warcraft: Wrath of the Lich King",2008,634,,,,
1714,"Mega Man",1987,635,,,,
11171,"Tom Clancy's Ghost Recon: Wildlands",2017,636,,,,
6250,"Trine 2",2011,637,,,,
103020,"Fallout 76",2018,638,,,,
8729,"Vampyr",2018,639,,,,
3188,"Murdered: Soul Suspect",2014,640,,,,
27081,"FIFA 18",2017,641,,,,
12595,"Yakuza Kiwami",2016,642,,,,
11162,"For Honor",2017,643,,,,
1107,"Metroid: Zero Mission",2004,644,,,,
15536,"Escape from Tarkov",2025,645,,,,
6797,"Sonic the Hedgehog 3",1994,646,,,,
2289,"Pokémon Stadium",1999,647,,,,
341,"Harry Potter and the Sorcerer's Stone",2001,648,,,,
7498,"Tekken 7",2015,649,,,,
1184,"World of Tanks",2011,650,,,,
515,"Infamous 2",2011,651,,,,
11346,"Her Story",2015,652,,,,
1058,"LittleBigPlanet",2008,653,,,,
914,"Tony Hawk's Pro Skater 3",2001,654,,,,
5508,"The Banner Saga",2014,655,,,,
1827,"Remember Me",2013,656,,,,
1404,"Metal Slug",1996,657,,,,
1037,"The Legend of Zelda: Phantom Hourglass",2007,658,,,,
504,"Fable III",2010,659,,,,
103292,"Gears 5",2019,660,,,,
11582,"Stellaris",2016,661,,,,
7574,"FIFA 15",2014,662,,,,
185246,"Alan Wake II",2023,663,,,,
12482,"Layers of Fear",2016,664,,,,
11137,"Sea of Thieves",2018,665,,,,
2349,"Mario Kart 7",2011,666,,,,
522,"Fable II",2008,667,,,,
483,"Silent Hill 4: The Room",2004,668,,,,
272,"Unreal Tournament",1999,669,,,,
36813,"The Evil Within 2",2017,670,,,,
27117,"Into the Breach",2018,671,,,,
11544,"Paladins",2017,672,,,,
1443,"Fire Emblem Awakening",2012,673,,,,
227,"World of Warcraft: The Burning Crusade",2007,674,,,,
227211,"S.T.A.L.K.E.R. G.A.M.M.A.",2018,675,,,,
1516,"Pokémon LeafGreen Version",2004,676,,,,
1246,"Tekken 5",2004,677,,,,
456,"StarCraft: Brood War",1998,678,,,,
19459,"FIFA 17",2016,679,,,,
1522,"Pokémon White Version",2010,680,,,,
95,"Need for Speed: Hot Pursuit 2",2002,681,,,,
9600,"Persona 4",2008,682,,,,
2920,"FIFA 14",2013,683,,,,
240,"Battlefield 1942",2002,684,,,,
6803,"Halo 5: Guardians",2015,685,,,,
3265,"Grand Theft Auto IV: The Lost and Damned",2009,686,,,,
2973,"The Lord of the Rings: The Return of the King",2003,687,,,,
201156,"Star Wars Jedi: Survivor",2023,688,,,,
104967,"Valheim",2021,689,,,,
3174,"Grand Theft Auto IV: The Ballad of Gay Tony",2009,690,,,,
3015,"The Walking Dead: 400 Days",2013,691,,,,
2591,"Star Fox 64",1997,692,,,,
2254,"Dragon Ball Z: Budokai Tenkaichi 3",2007,693,,,,
214417,"The Finals",2023,694,,,,
2472,"Prince of Persia",1989,695,,,,
10233,"Brawlhalla",2017,696,,,,
7605,"S.T.A.L.K.E.R.: Call of Pripyat",2009,697,,,,
68447,"Superliminal",2019,698,,,,
55047,"The Dark Pictures Anthology: Man of Medan",2019,699,,,,
3048,"The Order: 1886",2015,700,,,,
571,"Singularity",2010,701,,,,
569,"Wolfenstein",2009,702,,,,
6285,"Spider-Man 2",2004,703,,,,
4598,"Contra",1987,704,,,,
2750,"Pac-Man",1980,705,,,,
2738,"LEGO Batman: The Videogame",2008,706,,,,
2687,"Animal Crossing: New Leaf",2012,707,,,,
2602,"Alan Wake's American Nightmare",2012,708,,,,
2115,"Titanfall",2014,709,,,,
92,"Need for Speed III: Hot Pursuit",1998,710,,,,
72813,"Untitled Goose Game",2019,711,,,,
20275,"The Witcher: Enhanced Edition",2008,712,,,,
2485,"Luigi's Mansion",2001,713,,,,
9694,"Danganronpa 2: Goodbye Despair",2012,714,,,,
3340,"Paper Mario",2000,715,,,,
857,"Serious Sam: The First Encounter",2001,716,,,,
138949,"Marvel's Spider-Man Remastered",2020,717,,,,
11186,"Gears of War 4",2016,718,,,,
152242,"A Plague Tale: Requiem",2022,719,,,,
51524,"The Walking Dead: The Final Season",2018,720,,,,
2480,"Torchlight",2009,721,,,,
1291,"God of War: Ascension",2013,722,,,,
550,"God of War: Ghost of Sparta",2010,723,,,,
19470,"Injustice 2",2017,724,,,,
148,"Star Wars: Republic Commando",2005,725,,,,
18100,"Pokémon Sun",2016,726,,,,
9806,"Hyper Light Drifter",2016,727,,,,
1271,"Ōkami",2006,728,,,,
526,"Need for Speed: The Run",2011,729,,,,
385,"Final Fantasy",1987,730,,,,
2468,"Prince of Persia: The Forgotten Sands",2010,731,,,,
212,"Brütal Legend",2009,732,,,,
2135,"Bayonetta 2",2014,733,,,,
1163,"Tomb Raider: Underworld",2008,734,,,,
370,"Heroes of Might and Magic V",2006,735,,,,
2074,"Need for Speed: Rivals",2013,736,,,,
2050,"LEGO Marvel Super Heroes",2013,737,,,,
50199,"Metro: Last Light Redux",2014,738,,,,
24920,"Call of Duty: Modern Warfare Remastered",2016,739,,,,
3155,"The Lord of the Rings: The Battle for Middle-earth II",2006,740,,,,
24869,"Resident Evil",2002,741,,,,
20228,"Sleeping Dogs: Definitive Edition",2014,742,,,,
1882,"Amnesia: A Machine for Pigs",2013,743,,,,
999,"Oddworld: Abe's Oddysee",1997,744,,,,
544,"The Darkness II",2012,745,,,,
100,"Need for Speed: ProStreet",2007,746,,,,
13212,"The Beginner's Guide",2015,747,,,,
5082,"Divinity: Original Sin",2014,748,,,,
16992,"Human: Fall Flat",2016,749,,,,
10239,"Ark: Survival Evolved",2017,750,,,,
153700,"Ghost of Tsushima: Director's Cut",2021,751,,,,
113111,"Far Cry New Dawn",2019,752,,,,
18099,"Pokémon Moon",2016,753,,,,
2988,"Prototype 2",2012,754,,,,
10965,"Need for Speed",2015,755,,,,
6897,"Pokémon Omega Ruby",2014,756,,,,
3277,"Rust",2018,757,,,,
2918,"Crusader Kings II",2012,758,,,,
2681,"LEGO Star Wars: The Video Game",2005,759,,,,
902,"Sid Meier's Civilization",1991,760,,,,
506,"Sonic Generations",2011,761,,,,
336,"Crysis Warhead",2008,762,,,,
27134,"Deep Rock Galactic",2020,763,,,,
17832,"Don't Starve Together",2016,764,,,,
2933,"Kingdom Hearts III",2019,765,,,,
1162,"Tomb Raider: Anniversary",2007,766,,,,
126290,"Far Cry 6",2021,767,,,,
28512,"Risk of Rain 2",2020,768,,,,
1904,"Europa Universalis IV",2013,769,,,,
654,"Company of Heroes",2006,770,,,,
440,"Medieval II: Total War",2006,771,,,,
113598,"Deathloop",2021,772,,,,
34293,"BioShock Remastered",2016,773,,,,
7621,"RiME",2017,774,,,,
3154,"The Lord of the Rings: The Battle for Middle-earth",2004,775,,,,
2369,"Dark Messiah of Might and Magic",2006,776,,,,
874,"Tom Clancy's Splinter Cell: Pandora Tomorrow",2004,777,,,,
649,"Command & Conquer: Generals",2003,778,,,,
297,"Counter-Strike: Condition Zero",2004,779,,,,
14390,"Outlast II",2017,780,,,,
2324,"Pokémon Snap",1999,781,,,,
1094,"Donkey Kong Country 3: Dixie Kong's Double Trouble!",1996,782,,,,
202956,"Wuthering Waves",2024,783,,,,
6705,"A Hat in Time",2017,784,,,,
3078,"Sniper Elite V2",2012,785,,,,
1805,"Crazy Taxi",1999,786,,,,
151665,"Palworld",2024,787,,,,
5199,"Super Mario All-Stars",1993,788,,,,
3218,"Vanquish",2010,789,,,,
87683,"Spyro Reignited Trilogy",2018,790,,,,
6692,"Tony Hawk's Pro Skater",1999,791,,,,
3166,"The Lion King",1994,792,,,,
1101,"Metroid",1987,793,,,,
36911,"Dragon Ball FighterZ",2018,794,,,,
491,"Castlevania: Lords of Shadow",2010,795,,,,
222341,"Silent Hill 2",2024,796,,,,
8682,"Grim Fandango Remastered",2015,797,,,,
7725,"Resident Evil: Revelations 2",2015,798,,,,
490,"Duke Nukem Forever",2011,799,,,,
386,"Final Fantasy XIV Online",2013,800,,,,
119161,"Need for Speed: Heat",2019,801,,,,
36662,"Need for Speed: Payback",2017,802,,,,
11071,"FIFA 16",2015,803,,,,
1354,"Flower",2009,804,,,,
5772,"SteamWorld Dig",2013,805,,,,
2640,"Halo: Combat Evolved Anniversary",2011,806,,,,
2035,"Angry Birds",2009,807,,,,
20740,"The Witcher 2: Assassins of Kings - Enhanced Edition",2012,808,,,,
3019,"Starbound",2016,809,,,,
2741,"Duck Hunt",1984,810,,,,
1971,"Manhunt",2003,811,,,,
356,"Quake 4",2005,812,,,,
5418,"Super Mario RPG: Legend of the Seven Stars",1996,813,,,,
3775,"Assassin's Creed: Freedom Cry",2013,814,,,,
1134,"Castlevania: Aria of Sorrow",2003,815,,,,
1028,"The Legend of Zelda: Link's Awakening",1993,816,,,,
496,"Dead Rising 2",2010,817,,,,
114,"Star Wars: The Old Republic",2011,818,,,,
115843,"Unpacking",2021,819,,,,
16287,"Slime Rancher",2017,820,,,,
11625,"The Room",2012,821,,,,
135,"Devil May Cry 2",2003,822,,,,
144765,"Life is Strange: True Colors",2021,823,,,,
16612,"Twelve Minutes",2021,824,,,,
4840,"S.T.A.L.K.E.R.: Clear Sky",2008,825,,,,
2153,"FIFA Soccer 13",2012,826,,,,
382,"Metal Gear Solid: Peace Walker",2010,827,,,,
216,"Neverwinter Nights",2002,828,,,,
96209,"FIFA 19",2018,829,,,,
11642,"Geometry Dash",2013,830,,,,
6958,"Dante's Inferno",2010,831,,,,
4156,"Sonic Heroes",2003,832,,,,
1620,"Mortal Kombat 3",1995,833,,,,
189,"LEGO Indiana Jones: The Original Adventures",2008,834,,,,
102,"Need for Speed: Shift",2009,835,,,,
94,"Need for Speed: Porsche Unleashed",2000,836,,,,
37030,"Dishonored: Death of the Outsider",2017,837,,,,
21040,"Dark Souls: Prepare to Die Edition",2012,838,,,,
2538,"Enslaved: Odyssey to the West",2010,839,,,,
2165,"War Thunder",2013,840,,,,
978,"Resident Evil: Revelations",2012,841,,,,
675,"Driver",1999,842,,,,
514,"F.E.A.R. 3",2011,843,,,,
3149,"LEGO Harry Potter: Years 1-4",2010,844,,,,
1919,"Deadpool",2013,845,,,,
959,"Command & Conquer: Red Alert 3",2008,846,,,,
215769,"Cyberpunk 2077: Phantom Liberty",2023,847,,,,
126098,"Half-Life: Alyx",2020,848,,,,
115653,"Pokémon Shield",2019,849,,,,
5761,"Burnout 3: Takedown",2004,850,,,,
1529,"Jak II",2003,851,,,,
55080,"Donut County",2018,852,,,,
6574,"Bully: Scholarship Edition",2008,853,,,,
5565,"Golden Axe",1989,854,,,,
3262,"Grand Theft Auto: Vice City Stories",2006,855,,,,
1624,"Theme Hospital",1997,856,,,,
23733,"Tunic",2022,857,,,,
6057,"Shadow Warrior",2013,858,,,,
254,"RollerCoaster Tycoon",1999,859,,,,
194404,"The Quarry",2022,860,,,,
109455,"Luigi's Mansion 3",2019,861,,,,
6898,"Pokémon Alpha Sapphire",2014,862,,,,
3480,"Earthworm Jim",1994,863,,,,
1518,"Pokémon Pearl Version",2006,864,,,,
8900,"Monument Valley",2014,865,,,,
3263,"Grand Theft Auto: Liberty City Stories",2005,866,,,,
1275,"SimCity 4",2003,867,,,,
121752,"Ghostrunner",2020,868,,,,
2950,"Age of Empires II: HD Edition",2013,869,,,,
2263,"Gothic 3",2006,870,,,,
185258,"ARC Raiders",2025,871,,,,
165351,"Cult of the Lamb",2022,872,,,,
134588,"Kena: Bridge of Spirits",2021,873,,,,
4797,"Dead Rising",2006,874,,,,
1963,"Rayman",1995,875,,,,
1864,"Ni no Kuni: Wrath of the White Witch",2011,876,,,,
879,"Commandos: Behind Enemy Lines",1998,877,,,,
1577,"Spyro 2: Ripto's Rage!",1999,878,,,,
134606,"Demon's Souls",2020,879,,,,
19539,"Forza Horizon 3",2016,880,,,,
10760,"Bloodstained: Ritual of the Night",2019,881,,,,
524,"Dirt 3",2011,882,,,,
101211,"Rage 2",2019,883,,,,
7339,"Super Mario Maker",2015,884,,,,
3012,"Osu!",2007,885,,,,
1597,"Gran Turismo 2",1999,886,,,,
1578,"Spyro: Year of the Dragon",2000,887,,,,
22301,"Super Mario 64 DS",2004,888,,,,
15108,"Resident Evil 0",2016,889,,,,
12579,"Danganronpa V3: Killing Harmony",2017,890,,,,
164867,"Dredge",2023,891,,,,
26761,"Splatoon 2",2017,892,,,,
3216,"Secret of Mana",1993,893,,,,
257,"Warhammer 40,000: Dawn of War",2004,894,,,,
115276,"Super Mario Maker 2",2019,895,,,,
2605,"BattleBlock Theater",2013,896,,,,
1086,"Donkey Kong",1981,897,,,,
229,"World of Warcraft: Cataclysm",2010,898,,,,
190,"LEGO Star Wars II: The Original Trilogy",2006,899,,,,
134595,"Hitman 3",2021,900,,,,
102584,"Dying Light 2: Stay Human",2022,901,,,,
17026,"Furi",2016,902,,,,
15698,"Metroid Dread",2021,903,,,,
927,"Unreal Tournament 2004",2004,904,,,,
330,"SimCity 2000",1993,905,,,,
144054,"Pokémon Legends: Arceus",2022,906,,,,
2064,"Antichamber",2013,907,,,,
1907,"Grim Dawn",2016,908,,,,
1885,"Homefront",2011,909,,,,
1652,"Streets of Rage",1991,910,,,,
694,"Fable: The Lost Chapters",2005,911,,,,
546,"Prey",2006,912,,,,
159119,"Dead Space",2023,913,,,,
132516,"Phasmophobia",2020,914,,,,
72870,"Horizon Zero Dawn: Complete Edition",2017,915,,,,
11204,"The Walking Dead: Michonne",2016,916,,,,
458,"StarCraft II: Legacy of the Void",2015,917,,,,
254339,"Super Mario Bros. Wonder",2023,918,,,,
83727,"Call of Duty: Black Ops 4",2018,919,,,,
7860,"Sonic Adventure",1998,920,,,,
5574,"7 Days to Die",2024,921,,,,
2042,"Magicka",2011,922,,,,
843,"Rayman 2: The Great Escape",1999,923,,,,
432,"Total War: Shogun 2",2011,924,,,,
103283,"The Awesome Adventures of Captain Spirit",2018,925,,,,
76747,"Atomic Heart",2023,926,,,,
21892,"Fallout 3: Game of the Year Edition",2009,927,,,,
8366,"Sniper Elite III",2014,928,,,,
4969,"LEGO The Lord of the Rings",2012,929,,,,
2182,"Wii Sports Resort",2009,930,,,,
141540,"Disco Elysium: The Final Cut",2021,931,,,,
9621,"Super Smash Bros. for Nintendo 3DS",2014,932,,,,
2359,"Total War: Rome II",2013,933,,,,
26766,"Xenoblade Chronicles 2",2017,934,,,,
20065,"Resident Evil 4",2011,935,,,,
19241,"Unravel Two",2018,936,,,,
2955,"Elite: Dangerous",2014,937,,,,
1622,"Mortal Kombat 4",1997,938,,,,
1530,"Jak 3",2004,939,,,,
965,"Stronghold",2001,940,,,,
136879,"Black Myth: Wukong",2024,941,,,,
107262,"Streets of Rage 4",2020,942,,,,
9331,"Worms",1995,943,,,,
4348,"Out of This World",1991,944,,,,
3102,"Kerbal Space Program",2015,945,,,,
1338,"Prison Architect",2015,946,,,,
1314,"Medal of Honor: Airborne",2007,947,,,,
430,"Call of Juarez: Bound In Blood",2009,948,,,,
28414,"Mario + Rabbids Kingdom Battle",2017,949,,,,
27433,"SteamWorld Dig 2",2017,950,,,,
321,"Command & Conquer 3: Tiberium Wars",2007,951,,,,
154,"Star Wars: Episode I - Racer",1999,952,,,,
16587,"Final Fantasy IV",1991,953,,,,
12571,"Nioh",2017,954,,,,
5607,"Smite",2014,955,,,,
1243,"Tekken 2",1995,956,,,,
1071,"Super Mario Land 2: 6 Golden Coins",1992,957,,,,
1059,"Kingdoms of Amalur: Reckoning",2012,958,,,,
77,"Dragon Age: Origins - Awakening",2010,959,,,,
142415,"Indiana Jones and the Great Circle",2024,960,,,,
137001,"Call of Duty: Black Ops Cold War",2020,961,,,,
119402,"The Witcher 3: Wild Hunt - Complete Edition",2016,962,,,,
18366,"Sniper Elite 4",2017,963,,,,
6185,"Syberia II",2004,964,,,,
4838,"Guacamelee!",2013,965,,,,
413,"Final Fantasy X-2",2003,966,,,,
28168,"Code Vein",2019,967,,,,
14741,"Psychonauts 2",2021,968,,,,
3476,"Dr. Mario",1990,969,,,,
1408,"Metal Slug 3",2000,970,,,,
144022,"Sifu",2022,971,,,,
15894,"Hearts of Iron IV",2016,972,,,,
9543,"Nine Hours, Nine Persons, Nine Doors",2009,973,,,,
5589,"Clash of Clans",2012,974,,,,
1716,"Mega Man 3",1990,975,,,,
624,"Call of Duty: United Offensive",2004,976,,,,
131999,"NieR Replicant ver.1.22474487139...",2021,977,,,,
90558,"Satisfactory",2024,978,,,,
11059,"Naruto Shippuden: Ultimate Ninja Storm 4",2016,979,,,,
7405,"Everybody's Gone to the Rapture",2015,980,,,,
3195,"Assassin's Creed III: Liberation",2012,981,,,,
1397,"Professor Layton and the Curious Village",2007,982,,,,
31551,"Final Fantasy XVI",2023,983,,,,
25901,"My Friend Pedro",2019,984,,,,
5060,"Deponia",2012,985,,,,
3029,"Spelunky",2012,986,,,,
2002,"Banished",2014,987,,,,
895,"The Longest Journey",1999,988,,,,
9475,"Sonic & Knuckles",1994,989,,,,
8284,"Pokémon Black Version 2",2012,990,,,,
6292,"Black Desert",2014,991,,,,
1773,"Ratchet & Clank: Up Your Arsenal",2004,992,,,,
1032,"The Legend of Zelda: Oracle of Seasons",2001,993,,,,
848,"Rise of Nations",2003,994,,,,
134584,"Returnal",2021,995,,,,
8593,"The Legend of Zelda: Majora's Mask 3D",2015,996,,,,
7469,"Tom Clancy's Splinter Cell: Double Agent",2006,997,,,,
3717,"Kirby's Adventure",1993,998,,,,
3189,"Project Zomboid",2013,999,,,,
1427,"Phoenix Wright: Ace Attorney - Justice for All",2006,1000,,,,
1108,"Metroid Prime 2: Echoes",2004,1001,,,,
367,"Heroes of Might and Magic IV",2002,1002,,,,
76638,"Baba Is You",2019,1003,,,,
71628,"The Messenger",2018,1004,,,,
8311,"Titan Quest",2006,1005,,,,
2473,"Disney's Aladdin",1993,1006,,,,
1038,"The Legend of Zelda: Spirit Tracks",2009,1007,,,,
213639,"My Hero Ultra Rumble",2023,1008,,,,
51820,"Heroes of Might and Magic III: Complete",2000,1009,,,,
27092,"GreedFall",2019,1010,,,,
15707,"Clash Royale",2016,1011,,,,
5892,"The Swapper",2013,1012,,,,
3351,"Mario & Luigi: Superstar Saga",2003,1013,,,,
3087,"Broken Age",2014,1014,,,,
3020,"Shadowrun Returns",2013,1015,,,,
2171,"New Super Mario Bros. U",2012,1016,,,,
2151,"Catherine",2011,1017,,,,
1124,"Super Castlevania IV",1991,1018,,,,
616,"Circle of Blood",1996,1019,,,,
1653,"Streets of Rage 2",1992,1020,,,,
1100,"Donkey Kong Country Returns",2010,1021,,,,
884,"Street Fighter IV",2008,1022,,,,
91,"Need for Speed II",1997,1023,,,,
19085,"Shadow Tactics: Blades of the Shogun",2016,1024,,,,
3943,"Harry Potter and the Prisoner of Azkaban",2004,1025,,,,
2723,"Diddy Kong Racing",1997,1026,,,,
2291,"Thomas Was Alone",2012,1027,,,,
2191,"Super Paper Mario",2007,1028,,,,
1565,"SoulCalibur II",2002,1029,,,,
1428,"Phoenix Wright: Ace Attorney - Trials and Tribulations",2007,1030,,,,
1027,"The Legend of Zelda: Link's Awakening DX",1998,1031,,,,
428,"Final Fantasy Tactics",1997,1032,,,,
131800,"Call of Duty: Warzone",2020,1033,,,,
122120,"The Dark Pictures Anthology: Little Hope",2020,1034,,,,
16300,"Dragon's Dogma: Dark Arisen",2013,1035,,,,
7328,"Infamous: First Light",2014,1036,,,,
2667,"FlatOut",2004,1037,,,,
212089,"Lethal Company",2023,1038,,,,
124954,"Crusader Kings III",2020,1039,,,,
113119,"The Stanley Parable: Ultra Deluxe",2022,1040,,,,
90055,"Carrion",2020,1041,,,,
7618,"Never Alone: Kisima Ingitchuna",2014,1042,,,,
3490,"F-Zero",1990,1043,,,,
1990,"VVVVVV",2010,1044,,,,
1245,"Tekken 4",2001,1045,,,,
1195,"Crash Bash",2000,1046,,,,
1157,"Tomb Raider III: Adventures of Lara Croft",1998,1047,,,,
787,"Serious Sam II",2005,1048,,,,
236,"Myst",1993,1049,,,,
119308,"Ghostwire: Tokyo",2022,1050,,,,
6942,"Condemned: Criminal Origins",2005,1051,,,,
5541,"Sherlock Holmes: Crimes & Punishments",2014,1052,,,,
1770,"Ratchet & Clank: Going Commando",2003,1053,,,,
19474,"Gwent: The Witcher Card Game",2018,1054,,,,
3270,"Grand Theft Auto: Chinatown Wars",2009,1055,,,,
3082,"Dear Esther",2012,1056,,,,
1332,"World of Warcraft: Mists of Pandaria",2012,1057,,,,
145099,"Death's Door",2021,1058,,,,
8347,"The Long Dark",2017,1059,,,,
578,"Warhammer 40,000: Space Marine",2011,1060,,,,
384,"Final Fantasy XIII-2",2011,1061,,,,
204618,"High on Life",2022,1062,,,,
107300,"Thronebreaker: The Witcher Tales",2018,1063,,,,
55056,"Age of Empires II: Definitive Edition",2019,1064,,,,
9604,"TagPro",2013,1065,,,,
8258,"Street Fighter V",2016,1066,,,,
2698,"Tony Hawk's Underground",2003,1067,,,,
7858,"Sonic Adventure 2",2001,1068,,,,
858,"Serious Sam: The Second Encounter",2002,1069,,,,
325609,"Dispatch",2025,1070,,,,
36550,"Yakuza: Like a Dragon",2020,1071,,,,
8118,"Disney's Aladdin",1993,1072,,,,
3735,"Red Dead Redemption: Undead Nightmare",2010,1073,,,,
2444,"Risen",2009,1074,,,,
2327,"Mario Party",1998,1075,,,,
1247,"Tekken 6",2007,1076,,,,
1188,"Crash Bandicoot: The Wrath of Cortex",2001,1077,,,,
1096,"Donkey Kong 64",1999,1078,,,,
1063,"Kirby's Dream Land",1992,1079,,,,
180,"Full Throttle",1995,1080,,,,
6748,"Killing Floor 2",2016,1081,,,,
2343,"Mario Kart: Super Circuit",2001,1082,,,,
2137,"The Crew",2014,1083,,,,
626,"Carmageddon",1997,1084,,,,
554,"Driver: San Francisco",2011,1085,,,,
527,"Serious Sam 3: BFE",2011,1086,,,,
145191,"Resident Evil 4",2005,1087,,,,
8353,"Pokémon White Version 2",2012,1088,,,,
3171,"The Saboteur",2009,1089,,,,
2117,"DayZ",2018,1090,,,,
1042,"Just Cause",2006,1091,,,,
325594,"Split Fiction",2025,1092,,,,
302156,"Call of Duty: Black Ops 6",2024,1093,,,,
83731,"Beat Saber",2018,1094,,,,
9136,"Gorogoa",2017,1095,,,,
2138,"Grid 2",2013,1096,,,,
1407,"Metal Slug 2",1998,1097,,,,
215060,"Assassin's Creed Mirage",2023,1098,,,,
19959,"God of War III: Remastered",2015,1099,,,,
4999,"Marvel: Ultimate Alliance",2006,1100,,,,
1310,"Medal of Honor: Pacific Assault",2004,1101,,,,
653,"Commandos 2: Men of Courage",2001,1102,,,,
35,"Dungeon Keeper",1997,1103,,,,
125642,"Path of Exile 2",2024,1104,,,,
114287,"FIFA 20",2019,1105,,,,
4225,"Ultimate Spider-Man",2005,1106,,,,
4122,"Legacy of Kain: Soul Reaver",1999,1107,,,,
3247,"Sunset Overdrive",2014,1108,,,,
2239,"Pikmin",2001,1109,,,,
964,"Stronghold Crusader",2002,1110,,,,
560,"Aliens vs. Predator",2010,1111,,,,
2,"Thief: The Dark Project",1998,1112,,,,
3683,"Mother 3",2006,1113,,,,
2290,"Pokémon Stadium 2",2000,1114,,,,
2130,"Dust: An Elysian Tail",2012,1115,,,,
1080,"New Super Mario Bros. 2",2012,1116,,,,
915,"Tony Hawk's Pro Skater 4",2002,1117,,,,
310,"Sid Meier's Civilization III",2001,1118,,,,
127342,"Senua's Saga: Hellblade II",2024,1119,,,,
55090,"Yakuza Kiwami 2",2017,1120,,,,
2670,"Guitar Hero II",2006,1121,,,,
1463,"Perfect Dark",2000,1122,,,,
485,"Silent Hill: Homecoming",2008,1123,,,,
233585,"Hi-Fi Rush",2023,1124,,,,
6487,"Disney's DuckTales",1989,1125,,,,
3601,"Space Invaders",1978,1126,,,,
2407,"Crisis Core: Final Fantasy VII",2007,1127,,,,
1961,"Dreamfall: The Longest Journey",2006,1128,,,,
634,"Sid Meier's Civilization II",1996,1129,,,,
429,"Call of Juarez",2006,1130,,,,
133152,"Helltaker",2020,1131,,,,
26673,"Omori",2020,1132,,,,
7886,"Crypt of the NecroDancer",2015,1133,,,,
4600,"Excitebike",1984,1134,,,,
3418,"Banjo-Tooie",2000,1135,,,,
2699,"Tony Hawk's Underground 2",2004,1136,,,,
1798,"Sly Cooper and the Thievius Raccoonus",2002,1137,,,,
178282,"Honkai: Star Rail",2023,1138,,,,
9814,"Disney's Hercules Action Game",1997,1139,,,,
1274,"SimCity",2013,1140,,,,
103301,"Wolfenstein: Youngblood",2019,1141,,,,
26950,"Marvel's Avengers",2020,1142,,,,
7878,"Unturned",2017,1143,,,,
4847,"Lords of the Fallen",2014,1144,,,,
1621,"Ultimate Mortal Kombat 3",1995,1145,,,,
1601,"Gran Turismo 4",2004,1146,,,,
1041,"The Legend of Zelda: Oracle of Ages",2001,1147,,,,
260780,"Call of Duty: Modern Warfare III",2023,1148,,,,
203722,"Dave the Diver",2023,1149,,,,
8499,"Five Nights at Freddy's",2014,1150,,,,
2140,"LittleBigPlanet 2",2011,1151,,,,
1307,"Medal of Honor",1999,1152,,,,
51525,"Batman: The Enemy Within",2017,1153,,,,
7708,"Saints Row: Gat Out of Hell",2015,1154,,,,
6787,"Double Dragon",1987,1155,,,,
1866,"Killzone 2",2009,1156,,,,
474,"Metal Gear Solid 2: Substance",2002,1157,,,,
340,"Command & Conquer: Tiberian Sun",1999,1158,,,,
129,"Warcraft: Orcs & Humans",1994,1159,,,,
103339,"Super Mario Party",2018,1160,,,,
5452,"Sonic CD",1993,1161,,,,
1937,"Killzone: Shadow Fall",2013,1162,,,,
14697,"Teenage Mutant Ninja Turtles IV: Turtles in Time",1992,1163,,,,
9740,"Deus Ex: Human Revolution - Director's Cut",2013,1164,,,,
8652,"Axiom Verge",2015,1165,,,,
3027,"Dino Crisis",1999,1166,,,,
2949,"Killing Floor",2009,1167,,,,
2923,"Donkey Kong Country: Tropical Freeze",2014,1168,,,,
1306,"Medal of Honor: Warfighter",2012,1169,,,,
19545,"Observer",2017,1170,,,,
4239,"Lemmings",1991,1171,,,,
1150,"Broken Sword: The Smoking Mirror",1997,1172,,,,
65,"The Secret of Monkey Island: Special Edition",2009,1173,,,,
19965,"Tomb Raider: Definitive Edition",2014,1174,,,,
8581,"Star Fox",1993,1175,,,,
7335,"Splatoon",2015,1176,,,,
1224,"Kingdom Hearts Birth by Sleep",2010,1177,,,,
331,"RollerCoaster Tycoon 2",2002,1178,,,,
144465,"Teenage Mutant Ninja Turtles: Shredder's Revenge",2022,1179,,,,
14647,"Bloodborne: The Old Hunters",2015,1180,,,,
7408,"Dragon Ball: Xenoverse",2015,1181,,,,
3173,"Risk of Rain",2013,1182,,,,
441,"Empire: Total War",2009,1183,,,,
298526,"Kingdom Come: Deliverance II",2025,1184,,,,
26765,"Octopath Traveler",2018,1185,,,,
3132,"Neighbours from Hell",2003,1186,,,,
2174,"Sonic & All-Stars Racing Transformed",2012,1187,,,,
846,"Red Faction: Guerrilla",2009,1188,,,,
140617,"The Dark Pictures Anthology: House of Ashes",2021,1189,,,,
133308,"The Medium",2021,1190,,,,
27862,"Batman: Arkham Asylum - Game of the Year Edition",2010,1191,,,,
3157,"World of Warcraft: Warlords of Draenor",2014,1192,,,,
1833,"Dead Island: Riptide",2013,1193,,,,
157,"Star Wars: Dark Forces",1995,1194,,,,
7601,"Plague Inc: Evolved",2015,1195,,,,
1363,"Little Inferno",2012,1196,,,,
1052,"The Lord of the Rings: War in the North",2011,1197,,,,
1003,"Enter the Matrix",2003,1198,,,,
103261,"Just Cause 4",2018,1199,,,,
11270,"The Cat Lady",2012,1200,,,,
237,"SimCity 3000",1999,1201,,,,
110474,"Minecraft Dungeons",2020,1202,,,,
36950,"Anthem",2019,1203,,,,
11593,"World of Warcraft: Legion",2016,1204,,,,
6880,"Metro Redux",2014,1205,,,,
909,"Tom Clancy's Rainbow Six: Vegas",2006,1206,,,,
277143,"The Last of Us Part II Remastered",2024,1207,,,,
106805,"Call of Duty: Mobile",2019,1208,,,,
25877,"Pokémon: Let's Go, Pikachu!",2018,1209,,,,
11219,"Sonic the Hedgehog 3 & Knuckles",1994,1210,,,,
7211,"A Story About My Uncle",2014,1211,,,,
4132,"Dino Crisis 2",2000,1212,,,,
2946,"FIFA Soccer 12",2011,1213,,,,
2159,"Race Driver: Grid",2008,1214,,,,
27771,"Moonlighter",2018,1215,,,,
7291,"Hunt: Showdown 1896",2019,1216,,,,
3049,"State of Decay",2013,1217,,,,
2645,"Animal Crossing: Wild World",2005,1218,,,,
1742,"Mega Man X2",1994,1219,,,,
202,"Sam & Max Hit the Road",1993,1220,,,,
200165,"Call of Duty: Modern Warfare II",2022,1221,,,,
102873,"Pokémon: Let's Go, Eevee!",2018,1222,,,,
2539,"Alpha Protocol",2010,1223,,,,
1795,"Ratchet & Clank Future: A Crack in Time",2009,1224,,,,
1602,"Gran Turismo 5",2010,1225,,,,
473,"Battlefield: Bad Company",2008,1226,,,,
19114,"Spider-Man",2002,1227,,,,
10395,"Half-Life 2: Lost Coast",2005,1228,,,,
9928,"Dirt Rally",2015,1229,,,,
1853,"Tom Clancy's Rainbow Six: Vegas 2",2008,1230,,,,
1119,"Castlevania III: Dracula's Curse",1990,1231,,,,
828,"Painkiller",2004,1232,,,,
662,"Dawn of Discovery",2009,1233,,,,
141533,"Loop Hero",2021,1234,,,,
100413,"Watch Dogs: Legion",2020,1235,,,,
41877,"Uncharted 2: Among Thieves Remastered",2015,1236,,,,
36198,"Children of Morta",2019,1237,,,,
15465,"VA-11 Hall-A: Cyberpunk Bartender Action",2016,1238,,,,
7032,"Kane & Lynch: Dead Men",2007,1239,,,,
6836,"LEGO Batman 2: DC Super Heroes",2012,1240,,,,
250,"The Chronicles of Riddick: Escape from Butcher Bay",2004,1241,,,,
214,"Neverwinter Nights 2",2006,1242,,,,
44,"Overlord",2007,1243,,,,
1,"Thief II: The Metal Age",2000,1244,,,,
27082,"Raft",2022,1245,,,,
6273,"Red Faction",2001,1246,,,,
1799,"Sly 2: Band of Thieves",2004,1247,,,,
1381,"Payday: The Heist",2011,1248,,,,
1319,"Gears of War: Judgment",2013,1249,,,,
339,"The Orange Box",2007,1250,,,,
337,"American McGee's Alice",2000,1251,,,,
63,"Escape from Monkey Island",2000,1252,,,,
15734,"Pony Island",2016,1253,,,,
3942,"Harry Potter and the Goblet of Fire",2005,1254,,,,
3047,"Forza Horizon",2012,1255,,,,
2358,"Chivalry: Medieval Warfare",2012,1256,,,,
316,"SWAT 4",2005,1257,,,,
36,"Dungeon Keeper 2",1999,1258,,,,
119357,"Immortals Fenyx Rising",2020,1259,,,,
103244,"Signalis",2022,1260,,,,
55189,"Warhammer: Vermintide 2",2018,1261,,,,
135254,"Crash Bandicoot 4: It's About Time",2020,1262,,,,
18822,"Pyre",2017,1263,,,,
14762,"Emily is Away",2015,1264,,,,
9223,"Outlast: Whistleblower",2014,1265,,,,
1867,"Killzone 3",2011,1266,,,,
1158,"Tomb Raider: The Last Revelation",1999,1267,,,,
988,"Halo Wars",2009,1268,,,,
414,"Final Fantasy Tactics Advance",2003,1269,,,,
103380,"Bloons TD 6",2018,1270,,,,
103320,"The Forgotten City",2021,1271,,,,
28380,"Darksiders III",2018,1272,,,,
19554,"Steep",2016,1273,,,,
11437,"Persona 3 FES",2007,1274,,,,
11177,"Gang Beasts",2017,1275,,,,
6294,"Worms World Party",2001,1276,,,,
2655,"Animal Crossing",2002,1277,,,,
642,"Colin McRae Rally 2.0",2000,1278,,,,
553,"Spider-Man: Shattered Dimensions",2010,1279,,,,
141538,"The Callisto Protocol",2022,1280,,,,
103337,"Divinity: Original Sin II - Definitive Edition",2018,1281,,,,
34294,"BioShock 2 Remastered",2016,1282,,,,
18812,"Tales of Berseria",2016,1283,,,,
9655,"HuniePop",2015,1284,,,,
3199,"Dead Rising 3",2013,1285,,,,
2965,"The Lord of the Rings: The Two Towers",2002,1286,,,,
2364,"Xenoblade Chronicles",2010,1287,,,,
1015,"BloodRayne",2002,1288,,,,
561,"Colin McRae: Dirt 2",2009,1289,,,,
302,"Empire Earth",2001,1290,,,,
82117,"Two Point Hospital",2018,1291,,,,
19817,"Scorn",2022,1292,,,,
7329,"Dead Island 2",2023,1293,,,,
6614,"Zero Escape: Virtue's Last Reward",2012,1294,,,,
1655,"Final Fight",1989,1295,,,,
1111,"Metroid Prime 3: Corruption",2007,1296,,,,
204627,"Cocoon",2023,1297,,,,
200551,"Zenless Zone Zero",2024,1298,,,,
9608,"Mount & Blade II: Bannerlord",2020,1299,,,,
9176,"Call of Cthulhu",2018,1300,,,,
3235,"Blur",2010,1301,,,,
3146,"Plants vs. Zombies: Garden Warfare",2014,1302,,,,
1744,"Mega Man X4",1997,1303,,,,
1217,"Shenmue",1999,1304,,,,
1172,"Golden Sun",2001,1305,,,,
125628,"Tell Me Why",2020,1306,,,,
4065,"Peter Jackson's King Kong: The Official Game of the Movie",2005,1307,,,,
4000,"MediEvil",1998,1308,,,,
2970,"Battletoads",1991,1309,,,,
2328,"Mario Party 2",1999,1310,,,,
1286,"Conker's Bad Fur Day",2001,1311,,,,
1182,"Castlevania: Lords of Shadow 2",2014,1312,,,,
1116,"Castlevania II: Simon's Quest",1987,1313,,,,
134706,"Star Wars: Squadrons",2020,1314,,,,
14748,"Ni no Kuni II: Revenant Kingdom",2018,1315,,,,
10047,"BioShock Infinite: Burial at Sea - Episode 1",2013,1316,,,,
7477,"Valkyria Chronicles",2008,1317,,,,
7326,"Forza Horizon 2",2014,1318,,,,
4567,"Pokémon Trading Card Game",1998,1319,,,,
3939,"Gun",2005,1320,,,,
3363,"Mario & Luigi: Bowser's Inside Story",2009,1321,,,,
1987,"XIII",2003,1322,,,,
1792,"Ratchet & Clank Future: Tools of Destruction",2007,1323,,,,
1429,"Apollo Justice: Ace Attorney",2007,1324,,,,
27310,"We Were Here",2017,1325,,,,
22704,"Orwell: Keeping an Eye on You",2016,1326,,,,
19449,"Dragon Ball: Xenoverse 2",2016,1327,,,,
18840,"Metal Slug X",1999,1328,,,,
14177,"Divinity: Original Sin - Enhanced Edition",2015,1329,,,,
12597,"Owlboy",2016,1330,,,,
10232,"Thimbleweed Park",2017,1331,,,,
8492,"Lisa: The Painful",2014,1332,,,,
7003,"Grand Theft Auto: Episodes from Liberty City",2009,1333,,,,
3251,"Super Hexagon",2012,1334,,,,
2956,"Audiosurf",2008,1335,,,,
2484,"Winning Eleven: Pro Evolution Soccer 2007",2006,1336,,,,
2482,"The Godfather",2006,1337,,,,
1272,"SimCity",1989,1338,,,,
928,"Unreal Tournament III",2007,1339,,,,
374,"Metal Gear",1987,1340,,,,
363,"Heroes of Might and Magic II: The Succession Wars",1996,1341,,,,
317407,"Battlefield 6",2025,1342,,,,
303811,"Astro Bot",2024,1343,,,,
21704,"Batman: Arkham City - Game of the Year Edition",2012,1344,,,,
1439,"Fire Emblem: The Blazing Blade",2003,1345,,,,
142803,"Diablo II: Resurrected",2021,1346,,,,
55190,"Pikuniku",2019,1347,,,,
30208,"Dragon Age: The Veilguard",2024,1348,,,,
11276,"The Room Two",2013,1349,,,,
11064,"Shadow Warrior 2",2016,1350,,,,
5894,"XCOM: Enemy Within",2013,1351,,,,
3772,"Wreckfest",2018,1352,,,,
2943,"Scribblenauts Unlimited",2012,1353,,,,
1691,"Advance Wars",2001,1354,,,,
256092,"EA Sports FC 24",2023,1355,,,,
119304,"Spiritfarer",2020,1356,,,,
55036,"Anno 1800",2019,1357,,,,
11667,"Dragon Quest XI: Echoes of an Elusive Age",2017,1358,,,,
11549,"Zero Escape: Zero Time Dilemma",2016,1359,,,,
8968,"Everlasting Summer",2014,1360,,,,
8259,"Tacoma",2017,1361,,,,
7337,"Captain Toad: Treasure Tracker",2014,1362,,,,
5611,"RuneScape",2001,1363,,,,
2587,"Skate 3",2010,1364,,,,
2143,"TimeSplitters 2",2002,1365,,,,
2066,"Ultimate Marvel vs. Capcom 3",2011,1366,,,,
1966,"Rayman 3: Hoodlum Havoc",2003,1367,,,,
185252,"Warhammer 40,000: Space Marine II",2024,1368,,,,
133236,"Final Fantasy VII Rebirth",2024,1369,,,,
19541,"State of Decay 2",2018,1370,,,,
7767,"Mini Metro",2015,1371,,,,
6453,"Katamari Damacy",2004,1372,,,,
332780,"R.E.P.O.",2025,1373,,,,
281275,"Buckshot Roulette",2023,1374,,,,
167611,"Alan Wake Remastered",2021,1375,,,,
76885,"SoulCalibur VI",2018,1376,,,,
72373,"Getting Over It with Bennett Foddy",2017,1377,,,,
41878,"Uncharted: Drake's Fortune Remastered",2015,1378,,,,
8223,"Assassin's Creed Chronicles: China",2015,1379,,,,
5169,"Sonic Unleashed",2008,1380,,,,
2566,"Dragon Ball Z: Budokai 3",2004,1381,,,,
1440,"Fire Emblem: The Sacred Stones",2004,1382,,,,
1242,"Tekken",1994,1383,,,,
466,"Warhammer 40,000: Dawn of War II",2009,1384,,,,
308,"Black & White",2001,1385,,,,
192,"Maniac Mansion",1987,1386,,,,
298915,"Arena Breakout: Infinite",2025,1387,,,,
95340,"PUBG Mobile",2018,1388,,,,
10662,"Disney's Tarzan",1999,1389,,,,
6611,"Botanicula",2012,1390,,,,
2354,"Deadlight",2012,1391,,,,
1881,"Arma 3",2013,1392,,,,
1369,"Company of Heroes 2",2013,1393,,,,
648,"Command & Conquer: Red Alert 2 - Yuri's Revenge",2001,1394,,,,
131890,"Sea of Stars",2023,1395,,,,
125166,"Battlefield 2042",2021,1396,,,,
24369,"Resident Evil Code: Veronica X",2001,1397,,,,
16605,"Gears of War: Ultimate Edition",2015,1398,,,,
9898,"Total War: Warhammer",2016,1399,,,,
7579,"Insurgency",2014,1400,,,,
1804,"Chrono Cross",1999,1401,,,,
897,"The Operative: No One Lives Forever",2000,1402,,,,
488,"Kane & Lynch 2: Dog Days",2010,1403,,,,
141543,"Road 96",2021,1404,,,,
138950,"Monster Hunter Rise",2021,1405,,,,
134071,"Mafia II: Definitive Edition",2020,1406,,,,
107315,"Subnautica: Below Zero",2021,1407,,,,
101440,"S.T.A.L.K.E.R. 2: Heart of Chornobyl",2024,1408,,,,
20910,"World War Z",2019,1409,,,,
7325,"Lara Croft and the Temple of Osiris",2014,1410,,,,
6166,"Subway Surfers",2012,1411,,,,
5181,"Spider-Man: Web of Shadows",2008,1412,,,,
3719,"Kirby Super Star",1996,1413,,,,
1717,"Mega Man 4",1991,1414,,,,
1600,"Gran Turismo 3: A-Spec",2001,1415,,,,
24,"X-COM: UFO Defense",1994,1416,,,,
3,"Thief: Deadly Shadows",2004,1417,,,,
119305,"LEGO Star Wars: The Skywalker Saga",2022,1418,,,,
86490,"Tetris",1989,1419,,,,
18857,"Ruiner",2017,1420,,,,
11416,"Persona 3 Portable",2009,1421,,,,
7099,"Naruto Shippuden: Ultimate Ninja Storm 3",2013,1422,,,,
6189,"Cave Story",2004,1423,,,,
1566,"SoulCalibur III",2005,1424,,,,
970,"Resident Evil Zero",2002,1425,,,,
419,"Final Fantasy V",1992,1426,,,,
393,"Final Fantasy III",2006,1427,,,,
23796,"Super Mario Run",2016,1428,,,,
8862,"Guacamelee! Super Turbo Championship Edition",2014,1429,,,,
3111,"Soldier of Fortune",2000,1430,,,,
1006,"Syndicate",2012,1431,,,,
650,"Command & Conquer: Generals - Zero Hour",2003,1432,,,,
152063,"Death Stranding: Director's Cut",2021,1433,,,,
37083,"Horizon Zero Dawn: The Frozen Wilds",2017,1434,,,,
26970,"Minit",2018,1435,,,,
19520,"Far: Lone Sails",2018,1436,,,,
6283,"Sonic Advance",2001,1437,,,,
3619,"Toy Story 2: Buzz Lightyear to the Rescue!",1999,1438,,,,
3191,"Trials Fusion",2014,1439,,,,
3071,"Comix Zone",1995,1440,,,,
2630,"Bubble Bobble",1986,1441,,,,
2272,"No More Heroes",2007,1442,,,,
1567,"SoulCalibur IV",2008,1443,,,,
1249,"Tekken Tag Tournament",1999,1444,,,,
503,"FIFA Soccer 11",2010,1445,,,,
484,"Silent Hill: Origins",2007,1446,,,,
255,"Arcanum: of Steamworks and Magick Obscura",2001,1447,,,,
20545,"Devil May Cry 3: Dante's Awakening - Special Edition",2006,1448,,,,
19542,"Oxygen Not Included",2019,1449,,,,
3666,"Ice Climber",1985,1450,,,,
2595,"Tropico 4",2011,1451,,,,
1333,"Pong",1972,1452,,,,
542,"LEGO Pirates of the Caribbean: The Video Game",2011,1453,,,,
134101,"FIFA 21",2020,1454,,,,
111563,"Deltarune: Chapter 1",2018,1455,,,,
18398,"Tyranny",2016,1456,,,,
13677,"Downwell",2015,1457,,,,
8339,"Minecraft: Story Mode",2015,1458,,,,
7330,"LittleBigPlanet 3",2014,1459,,,,
5178,"Spider-Man 3",2007,1460,,,,
4844,"LEGO The Hobbit",2014,1461,,,,
3406,"Mario Tennis",2000,1462,,,,
3211,"Tropico 5",2014,1463,,,,
2669,"Guitar Hero World Tour",2008,1464,,,,
1564,"SoulCalibur",1998,1465,,,,
329,"Dungeon Siege",2002,1466,,,,
133306,"Call of the Sea",2020,1467,,,,
18829,"Planet Coaster",2016,1468,,,,
18225,"The Sinking City",2019,1469,,,,
6490,"Disney's Chip 'n Dale Rescue Rangers",1990,1470,,,,
6069,"The Elder Scrolls V: Skyrim - Dragonborn",2012,1471,,,,
3150,"LEGO Harry Potter: Years 5-7",2011,1472,,,,
1309,"Medal of Honor: Frontline",2002,1473,,,,
1278,"Resistance: Fall of Man",2006,1474,,,,
1223,"Kingdom Hearts 358/2 Days",2009,1475,,,,
926,"Unreal Tournament 2003",2002,1476,,,,
273,"Unreal",1998,1477,,,,
255777,"MiSide",2024,1478,,,,
120176,"Teamfight Tactics",2019,1479,,,,
116200,"Back 4 Blood",2021,1480,,,,
41876,"Uncharted 3: Drake's Deception Remastered",2015,1481,,,,
23181,"OneShot",2016,1482,,,,
18182,"Momodora: Reverie Under the Moonlight",2016,1483,,,,
11423,"This Is the Police",2016,1484,,,,
8247,"Marvel vs. Capcom 2: New Age of Heroes",2000,1485,,,,
3364,"Mario & Luigi: Partners in Time",2005,1486,,,,
3092,"The Lord of the Rings Online",2007,1487,,,,
2964,"Call of Cthulhu: Dark Corners of the Earth",2005,1488,,,,
2904,"DuckTales: Remastered",2013,1489,,,,
2193,"Mario Party 8",2007,1490,,,,
2021,"Mount & Blade",2008,1491,,,,
1819,"Dragon Quest VIII: Journey of the Cursed King",2004,1492,,,,
1616,"Mortal Kombat: Armageddon",2006,1493,,,,
1220,"Kingdom Hearts: Chain of Memories",2004,1494,,,,
163,"Star Wars: Rogue Squadron",1998,1495,,,,
154775,"RoboCop: Rogue City",2023,1496,,,,
108778,"Little Misfortune",2019,1497,,,,
37140,"Metroid: Samus Returns",2017,1498,,,,
19698,"Albion Online",2017,1499,,,,
15862,"Day of the Tentacle Remastered",2016,1500,,,,